X,Y,SMILES,PCBA883
-0.8289758,5.3687706,O=C(NC(Nc1ccc(F)cc1)(C(F)(F)F)C(F)(F)F)c1cccnc1,
3.986032,7.6022053,CCC1CN2CCC1CC2[C@@H](NC(=S)Nc1cc(C(F)(F)F)cc(C(F)(F)F)c1)c1cccc2ccc(OC)cc12,
-0.44280478,4.9357915,CC(NC(=O)NNC(=O)c1ccncc1)(C(F)(F)F)C(F)(F)F,
-0.755204,4.6782937,CCC(NC(=O)NCc1ccccc1)(C(F)(F)F)C(F)(F)F,
2.523332,6.1891956,OC(c1ccccc1)(c1nc(/C=C/c2ccc(C(F)(F)F)cc2)cs1)C(F)(F)F,
0.569476,1.8139892,O=C1Nc2c(c(=O)[nH]c(=O)n2-c2ccccc2)C(C(F)(F)F)(C(F)(F)F)N1,
1.2986065,6.7926474,O=C(Nc1ccccc1)Nc1cc(OCC(F)(F)F)cc(OCC(F)(F)F)c1,
1.1903023,6.7214165,CCOc1ccc(NC(=O)Nc2cc(OCC(F)(F)F)cc(OCC(F)(F)F)c2)cc1,
0.99416727,4.6602597,O=C(NC1CCC(NC(=O)C(F)(F)C(F)F)CC1)C(F)(F)C(F)F,
1.3986542,5.2527585,CCOC(=O)c1cn(-c2ccc(F)c(F)c2)c2c(F)c(F)c(F)c(F)c2c1=O,
2.1777523,6.720528,O=C(Nc1cc(C(F)(F)F)ccc1N1CCOCC1)c1c(F)c(F)c(F)c(F)c1F,
3.462269,3.7172964,Cc1nn(CCc2nn[nH]n2)c2nc(C(F)(F)F)cc(C(F)(F)F)c12,
9.336701,7.848746,O=C(c1csnn1)N1CCC2(CC1)CN(Cc1cc(C(F)(F)F)cc(C(F)(F)F)c1)C2,0.0
1.2886517,5.415387,O=C(NCC1CCN(C(=O)c2c(F)c(F)c(F)c(F)c2F)CC1)c1c(F)c(F)c(F)c(F)c1F,
0.13034454,5.128612,COc1ccc(NC(=O)NC(C(F)(F)F)C(F)(F)F)cc1,
2.430374,7.255228,Cn1nc(C(F)(F)F)c(C(=O)Nc2ccc(C(F)(F)F)cc2)c1Cl,
8.997661,6.614918,O=C(c1cc(C(F)(F)F)cc(C(F)(F)F)c1)N1CCC2(CC1)CCN(c1ccccn1)CC2,0.0
9.171265,7.947444,COC(=O)N1CCC2(CCCN(Cc3cc(C(F)(F)F)cc(C(F)(F)F)c3)C2)CC1,0.0
-1.469371,5.526548,CCC(=O)NC(Nc1sc2c(c1C(=O)OC)CCCC2)(C(F)(F)F)C(F)(F)F,
0.5459462,4.085743,CCc1ccc(/C=N/NC(=O)C(F)(F)C(F)(F)C(F)(F)C(F)(F)C(F)(F)C(F)(F)F)cc1,
-0.68503714,5.690605,O=C(NC(NNc1ccc([N+](=O)[O-])cc1)(C(F)(F)F)C(F)(F)F)c1ccc(F)cc1,
2.4018764,6.935816,Cc1sc2ncnc(N3CCC(C(=O)Nc4cc(C(F)(F)F)ccc4OCC(F)(F)F)CC3)c2c1C,
-0.22102103,8.860445,Cc1ccc(/C=N\NC(=O)c2cc(OCC(F)(F)F)ccc2OCC(F)(F)F)cc1,
0.84411633,6.2745366,COc1ccc(C(N)=O)cc1NC(=O)CC(O)(C(F)(F)F)C(F)(F)F,
3.26943,6.1897426,FC(F)(F)c1cccc(Sc2cc(C(F)(F)F)nc(-c3ccccn3)n2)c1,
0.49141675,1.419493,O=c1[nH]c(=O)n(Cc2ccco2)c2c1C(C(F)(F)F)(C(F)(F)F)N=C(c1ccc(F)cc1)N2,
-0.9901446,4.710669,O=C(NCC(F)(F)F)Nc1nnc(C(F)(F)F)s1,
0.075385846,8.795499,CC(C)CC(=O)NCCNC(=O)c1cc(OCC(F)(F)F)ccc1OCC(F)(F)F,
0.107235394,8.785747,O=C(NCCNC(=O)c1cc(OCC(F)(F)F)ccc1OCC(F)(F)F)Nc1ccccc1,
1.8035872,3.4997478,FC(F)(F)C(Oc1nc(NC2CCCCC2)nc(N2CCOCC2)n1)C(F)(F)F,
1.5260426,5.503108,O=C(Nc1ccc(F)cc1F)c1ccc(COc2c(F)c(F)cc(F)c2F)o1,
-0.14121535,3.1555145,Cc1ccc(C(=O)N2C3C=CC(C3)C2(C(F)(F)F)C(F)(F)F)cc1,
1.5886794,6.3401346,FC(F)(F)Oc1ccc(NC(=S)Nc2ccc(OC(F)(F)F)cc2)cc1,
0.8596822,4.7820706,O=C(NCCCCNC(=O)C(F)(F)F)C(F)(F)F,
2.729292,8.007319,COc1ccc(-c2cc(C(F)(F)F)n3nc(C(=O)Nc4cc(C(F)(F)F)ccc4Cl)cc3n2)cc1OC,
8.062558,2.9349294,NC1=NC[C@H](CC2CCCCC2)N1CCc1cc(C(F)(F)F)cc(C(F)(F)F)c1,
8.102686,2.9495351,NC1=NC[C@@H](Cc2ccc(O)cc2)N1CCc1cc(C(F)(F)F)cc(C(F)(F)F)c1,
4.6762295,6.204498,Cc1cnc(C(=O)N2CCN(S(=O)(=O)c3cc(C(F)(F)F)cc(C(F)(F)F)c3)CC2)cn1,
9.565974,6.4380555,N#Cc1cccc(NC(=O)N2CCCC3(CCN(C(=O)c4cc(C(F)(F)F)cc(C(F)(F)F)c4)CC3)C2)c1,0.0
2.4115324,7.2986574,Cn1nc(C(F)(F)F)c2cc(C(=O)Nc3ccc(C(F)(F)F)cc3)sc21,
0.8798377,6.2533717,O=C(CC(O)(C(F)(F)F)C(F)(F)F)Nc1ccc(Cl)c(Cl)c1,
2.144404,5.240567,CC1(Cc2cc(Cl)ccc2C(F)(F)F)C(=O)Nc2ccc(OC(F)(F)F)cc21,
3.3564394,3.0686967,OC(c1cc(C(F)(F)F)nc2c(C(F)(F)F)cccc12)C1CCCCN1,
2.3583162,4.3675537,Cc1cc(C(F)(F)F)n(-c2nc(-c3nnc(SCc4ccc(C(F)(F)F)cc4)n3C)cs2)n1,
0.8893524,3.8173175,CCOC(=O)C1(C(F)(F)F)N=C(C(F)(F)F)Nc2ccc(F)cc21,
-0.21509665,8.836018,COc1ccc(/C=N\NC(=O)c2cc(OCC(F)(F)F)ccc2OCC(F)(F)F)cc1,
9.060185,6.654146,O=C(c1cc(C(F)(F)F)cc(C(F)(F)F)c1)N1CCC[C@@]2(CCN(c3ccncc3)C2)C1,0.0
1.4972138,5.6065726,O=C(Nc1c(F)cc(F)cc1Br)c1cc2nc(C(F)F)cc(C(F)F)n2n1,
2.2351549,5.287051,CC1(Cc2ccc(C(F)(F)F)o2)C(=O)Nc2ccc(-c3cccc(C(F)(F)F)c3)cc21,
2.0086896,7.2851667,C[C@H]1CN([C@H](C)CO)C(=O)c2cc(NC(=O)CCC(F)(F)F)ccc2O[C@@H]1CN(C)C(=O)Nc1ccc(C(F)(F)F)cc1,
1.697628,6.204946,O=C(/C=C/Nc1ccccc1OC(F)(F)F)C(F)(F)F,
1.0814149,5.195693,N#CC1=C(N)N(c2ccc(F)cc2F)C2=C(CCCC2)C1(C(F)(F)F)C(F)(F)F,
9.0130005,6.6574607,O=C(c1cc(C(F)(F)F)cc(C(F)(F)F)c1)N1CCC2(CC1)CCN(c1ccccc1)CC2,0.0
8.246202,11.6703415,O=C(NCc1ccc(C(F)(F)F)cc1)C1CC(c2ccccc2C(F)(F)F)=NO1,
8.191083,11.725383,O=C(NCc1ccccc1C(F)(F)F)C1CC(c2ccccc2C(F)(F)F)=NO1,
9.277297,7.703865,O=C(c1ccco1)N1CCC2(CCN(Cc3cc(C(F)(F)F)cc(C(F)(F)F)c3)CC2)CC1,0.0
0.5012302,1.4843147,N#Cc1ccc(C2=NC(C(F)(F)F)(C(F)(F)F)c3c(n(Cc4ccco4)c(=O)[nH]c3=O)N2)cc1,
9.313929,7.3265357,N#Cc1ccc(CN2CCC3(CC2)CCN(C(=O)c2cc(C(F)(F)F)cc(C(F)(F)F)c2)CC3)cc1,0.0
9.335794,7.843811,O=C(c1csnn1)N1CCC2(CCCN(Cc3cc(C(F)(F)F)cc(C(F)(F)F)c3)C2)CC1,
3.4664176,7.2387676,O=C(c1ccc(-c2cccc(C(F)(F)F)c2)o1)N1CCCC(C(F)(F)F)C1,
0.6739826,1.6232041,COc1ccc(C2=NC(C(F)(F)F)(C(F)(F)F)c3c(n(C)c(=O)n(C)c3=O)N2)cc1,
-1.1414368,5.7637024,O=C(Cc1ccccc1)NC(NNc1ccccc1)(C(F)(F)F)C(F)(F)F,
0.19938833,8.730485,O=C(NNC(=O)c1cc(OCC(F)(F)F)ccc1OCC(F)(F)F)c1cccc(C(F)(F)F)c1,
-1.129739,5.7408276,COc1ccc(CNC(NC(=O)c2ccccc2)(C(F)(F)F)C(F)(F)F)cc1,
3.533573,6.254714,FC(F)(F)c1cccc(-c2noc(-c3cc(-c4ccccc4)c(C(F)(F)F)s3)n2)c1,
1.245331,-2.7899516,Cc1ccc(Cl)cc1-c1cc(C(=O)NCc2cc(C(F)(F)F)cc(C(F)(F)F)c2)[nH]n1,
9.256694,7.55081,O=C(c1ccncc1)N1CCC2(CC1)CN(Cc1cc(C(F)(F)F)cc(C(F)(F)F)c1)C2,0.0
2.1925092,5.245921,CC1(Cc2cc(Cl)ccc2C(F)(F)F)C(=O)Nc2cc(C(F)(F)F)ccc21,
0.89331526,3.8269148,COC(=O)C1(C(F)(F)F)N=C(C(F)(F)F)Nc2ccc(Cl)cc21,
-1.3858341,5.6615944,CCC(=O)NC(Nc1cccc(C)n1)(C(F)(F)F)C(F)(F)F,
7.9957747,3.3100011,FC(F)(F)c1cc(CO[C@H]2CCCN[C@H]2c2ccccc2)cc(C(F)(F)F)c1,
-1.3341686,5.0208383,CCSc1nnc(NC(NC(C)=O)(C(F)(F)F)C(F)(F)F)s1,
4.4139113,7.4488707,Cc1nc(-c2nnc(SCC(=O)Nc3cc(C(F)(F)F)cc(C(F)(F)F)c3)n2C)cs1,
1.9605434,4.588857,Cc1[nH]c2ccc(F)cc2c(=O)c1SC(F)(F)C(F)C(F)(F)F,
4.241733,6.441243,N/C(=N\S(=O)(=O)c1cc(C(F)(F)F)cc(C(F)(F)F)c1)c1cccs1,
1.9840524,4.5917516,Cc1[nH]c2ccc(F)cc2c(=O)c1SC(F)(F)[C@@H](F)C(F)(F)F,
0.009815436,8.962098,O=C(NCCNS(=O)(=O)c1ccccc1)c1cc(OCC(F)(F)F)ccc1OCC(F)(F)F,
1.5538553,5.011619,COC1=C(C(=O)c2ccccc2)C(=O)C2(CC=C(C)C)C[C@H](C(=O)OCC(F)(F)F)C(C)(C)[C@@]1(CC=C(C)C)C2=O.COC1=C(C(=O)c2ccccc2)C(=O)[C@]2(CC=C(C)C)C(=O)C1(CC=C(C)C)C[C@H](CCCC(F)(F)F)C2(C)C,
3.2487557,6.790425,O=C1NN=C(C(F)(F)F)/C1=C/NCc1cccc(C(F)(F)F)c1,
3.9503188,3.5242243,FC(F)(F)c1cc(C(F)(F)F)c2ccc(N3CCN(c4ccc(Cl)cc4)CC3)nc2n1,
-1.4072418,5.6910253,CCOC(=O)Cc1csc(NC(NC(=O)CC)(C(F)(F)F)C(F)(F)F)n1,
2.8704395,3.6301744,O=C(NC(=O)c1ccccc1)Nc1ccc(-n2nc(C(F)(F)F)cc2C(F)(F)F)cc1,
8.115475,2.9523482,NC1=NC[C@H](Cc2ccc(O)cc2)N1CCc1cc(C(F)(F)F)cc(C(F)(F)F)c1,
8.042656,2.8868482,CCCC[C@@H]1CN=C(N)N1CCc1cc(C(F)(F)F)cc(C(F)(F)F)c1,
8.05919,3.008199,NC1=NC[C@H](c2ccccc2)N1CCc1cc(C(F)(F)F)cc(C(F)(F)F)c1,
1.6524756,6.6222324,COc1cccc(NC(=O)COc2c(F)c(F)c(C(F)(F)F)c(F)c2F)c1,
3.360866,3.05618,O[C@@H](c1cc(C(F)(F)F)nc2c(C(F)(F)F)cccc12)[C@H]1CCCCN1,
2.9234607,4.0027413,FC(F)(F)c1cc(-c2ccco2)nc(-n2nc(C(F)(F)F)cc2C2CC2)n1,
1.2020167,-2.8076334,COc1ccc(Cl)cc1-c1cc(C(=O)NCc2cc(C(F)(F)F)cc(C(F)(F)F)c2)[nH]n1,
0.60840833,5.7230663,CC(=O)N(C)c1ccc(C(O)(C(F)(F)F)C(F)(F)F)cc1,
2.6958036,6.48209,COC(=O)c1cnc(N2CCCN(S(=O)(=O)c3ccc(C(F)(F)F)cc3)CC2)nc1C(F)(F)F,
0.91729474,4.6868653,CC(C)(OC(=O)NC(=O)C(F)(F)F)C(C)(C)OC(=O)NC(=O)C(F)(F)F,
0.90000486,3.8493996,CCOC(=O)C1(C(F)(F)F)N=C(C(F)(F)F)Nc2cc(C)c(C)cc21,
4.2802935,7.376472,O=C(O)COCC(=O)Nc1cc(C(F)(F)F)cc(C(F)(F)F)c1,
1.4928632,5.99745,COC(=O)C1=C(c2ccc(OC(F)(F)F)cc2)C[C@@H]2CC[C@H]1N2C(=O)NCc1cc(C)oc1C(F)(F)F,
2.406178,7.3014903,Cn1nc(C(F)(F)F)c(C(=O)Nc2ccc(F)cc2F)c1Sc1cccc(C(F)(F)F)c1,
2.7221727,5.1762094,COc1ccc([C@H]2CC(=O)C=C(c3ccc(C(F)(F)F)c(C(F)(F)F)c3)C2)cc1OC,
-0.14004704,3.1569037,O=C(c1ccco1)N1C2C=CC(C2)C1(C(F)(F)F)C(F)(F)F,
9.067409,6.6726217,O=C(c1cc(C(F)(F)F)cc(C(F)(F)F)c1)N1CCC2(CCCN(c3ccccc3)C2)CC1,0.0
7.712089,3.938762,FC(F)(F)c1ccc(CN2C[C@@H]3C(c4ccc(C(F)(F)F)cc4)C4(c5cccnc5)CC3(C4)[C@H]2c2ccccc2)cc1,
-0.46335903,4.9506507,CC(NC(=O)Nc1ncccn1)(C(F)(F)F)C(F)(F)F,
-0.70010376,4.6663127,CCC(NC(=O)NCc1cccnc1)(C(F)(F)F)C(F)(F)F,
3.5681858,7.48769,FC(F)(F)c1cccc(NC(=S)N2CCN(c3cccc(C(F)(F)F)c3)CC2)c1,
1.4487202,5.5648513,CN(c1ccc(OCC(=O)OCC(=O)Nc2c(F)c(F)c(F)c(F)c2F)cc1)S(=O)(=O)c1ccc(F)cc1,
2.706739,4.858747,N#Cc1ccc(-c2nc3c(Cl)cc(C(F)(F)F)cn3c2Cc2ccccc2C(F)(F)F)cc1,
2.716707,4.8303547,Cc1ccc(-c2nc3c(Cl)cc(C(F)(F)F)cn3c2Cc2ccccc2C(F)(F)F)cc1,
3.4657106,7.6700006,CC1(C(=O)Nc2cccc(C(F)(F)F)c2)Cc2c(-c3cccc(C(F)(F)F)c3)ccnc2O1,
3.2951045,5.256628,Cn1nc(C(F)(F)F)cc1Oc1ncc(C(F)(F)F)cc1Cl,
-0.6412114,4.934887,CC(NC(=O)N(Cc1ccccc1)Cc1ccc2c(c1)OCO2)(C(F)(F)F)C(F)(F)F,
1.9455165,4.412699,Fc1ccc(Cn2c(SCc3ccc(F)c(F)c3)nnc2C(F)(F)F)cc1,
1.9563087,4.4742236,Fc1ccc(Cn2c(SCc3ccc(F)c(C(F)(F)F)c3)nnc2C(F)(F)F)cc1,
0.47023866,1.4522231,O=c1[nH]c(=O)n(Cc2ccco2)c2c1C(C(F)(F)F)(C(F)(F)F)N=C(c1ccco1)N2,
2.8374286,7.0824156,FC(F)(F)c1ccc(Cl)c(NC(=S)N/N=C/c2ccccc2C(F)(F)F)c1,
3.682158,5.492314,N#CC(c1cccc(C(F)(F)F)c1)(c1ncc(C(F)(F)F)cc1Cl)N1CCOCC1,
1.222816,4.1393943,CC1=C(C#N)C(C(F)(F)F)(C(F)(F)F)N=C(c2ccco2)N1,
-1.2249011,5.313013,O=C(NC(NCc1ccccn1)(C(F)(F)F)C(F)(F)F)c1ccco1,
1.2239546,-2.8188949,COc1ccc(C(C)C)cc1-c1cc(C(=O)NCc2cc(C(F)(F)F)cc(C(F)(F)F)c2)[nH]n1,
-0.20794025,8.834656,O=C(N/N=C/c1ccc(OCCCF)cc1)c1cc(OCC(F)(F)F)ccc1OCC(F)(F)F,
2.6497922,3.8555534,CC(=O)O/N=C(\N)c1cnn2c(C(F)(F)F)cc(C(F)(F)F)nc12,
2.1870072,4.680829,FC(F)(F)c1ccc(Sc2n[nH]c(C(F)(F)F)n2)nc1,
1.5531176,4.8255024,CC(=O)N1CCN(c2c(F)c(F)c(C(F)(F)F)c(F)c2F)CC1,
1.1527063,4.8920517,Cc1c(F)c(F)c(COC(=O)C2C(/C=C(\Cl)C(F)(F)F)C2(C)C)c(F)c1F,
-0.08960837,8.710713,O=C(O)CONC(=O)c1cc(OCC(F)(F)F)ccc1OCC(F)(F)F,
4.1403117,7.0030513,CNC(=O)Nc1cc(C(F)(F)F)cc(C(F)(F)F)c1,
-0.77555436,5.2426863,O=C(O)CSC(NC(=O)c1cccnc1)(C(F)(F)F)C(F)(F)F,
3.2698011,6.231318,NC(=O)c1ncc(C(F)(F)F)cc1Oc1cccc(C(F)(F)F)c1,
0.5013891,4.072593,CCn1cc(/C=N/NC(=O)C(F)(F)C(F)(F)C(F)(F)C(F)(F)C(F)(F)C(F)(F)F)c(C)n1,
1.0946312,4.61047,CC(=O)NC(N1CCCCC1)C(F)(F)C(F)(F)C(F)(F)C(F)F,
1.4286957,5.4959607,O=C(CCSCCC(=O)Nc1c(F)c(F)c(F)c(F)c1F)Nc1c(F)c(F)c(F)c(F)c1F,
4.525036,6.7802806,O=C1NCCN1CCNS(=O)(=O)c1cc(C(F)(F)F)cc(C(F)(F)F)c1,
9.0623255,8.027669,FC(F)(F)c1cc(CN2CC3(CCNCC3)C2)cc(C(F)(F)F)c1,0.0
1.4560318,5.0242357,Fc1nc(F)c(F)c(NCCCNc2c(F)c(F)nc(F)c2F)c1F,
3.3361762,7.243749,O=C(CCc1nnc(Cc2cccc(C(F)(F)F)c2)o1)NCC(F)(F)F,
1.1984155,4.6147547,CCN(CC)P(=O)(C(NC(=O)OC)C(F)(F)C(F)(F)C(F)(F)C(F)F)N(CC)CC,
0.07043383,5.7287803,O=C(OC(c1ccc(NS(=O)(=O)c2ccccc2)cc1)(C(F)(F)F)C(F)(F)F)c1ccc([N+](=O)[O-])cc1,
1.313828,4.413995,FC(F)(F)C(F)(F)C(F)(F)C(F)(F)C(F)(F)C(F)(F)C(F)(F)C(F)(F)Br,
8.688375,7.816851,O=C1[C@H]2[C@@H](C(=O)N1Cc1ccccc1)[C@@H](c1ccc(C(F)(F)F)cc1)N[C@]21CCCN(Cc2ccc(C(F)(F)F)cc2)C1=O,
1.995491,6.289797,CCOC(=O)/C(=C\Nc1ccc(OC(F)(F)F)cc1)Sc1ncc(C(F)(F)F)cc1Cl,
3.1984608,6.969345,O=C(NC1CCCC1)C1C(c2ccc(C(F)(F)F)cc2)=Nc2ccccc2N1C(=O)c1cccc(C(F)(F)F)c1,
1.4235198,5.3167977,O=C(O)c1cn(-c2ccc(F)c(F)c2)c2c(F)c(F)c(F)c(F)c2c1=O,
2.499372,7.3951187,Cn1nc(C(F)(F)F)c(C(=O)Nc2cccc(C(F)(F)F)c2)c1SCc1ccc(Cl)cc1,
0.9108894,4.641588,O=C(NCCO)C(F)(F)C(F)(F)C(F)(F)OC(F)(C(=O)NCCO)C(F)(F)F,
1.2037503,4.1483245,O=C1CC(C(F)(F)C(F)(F)C(F)(F)F)=Nc2ccccc2N1,
1.94205,3.7976727,CC(C)(C)Nc1nc(OCC(F)(F)F)nc(OCC(F)(F)F)n1,
4.223742,7.5732293,Nc1ncnc2c1ncn2[C@@H]1O[C@H](C(=O)Nc2cc(C(F)(F)F)cc(C(F)(F)F)c2)[C@@H](O)[C@H]1O,
-0.14059496,3.1542556,O=C(c1ccc(Cl)cc1)N1C2C=CC(C2)C1(C(F)(F)F)C(F)(F)F,
3.472553,3.7166824,Nc1nc(N)c2sc3nc(C(F)(F)F)cc(C(F)(F)F)c3c2n1,
4.2172456,7.0359635,Cc1cc2c(cc1S(=O)(=O)Nc1cc(C(F)(F)F)cc(C(F)(F)F)c1)OCC(=O)N2,
8.120406,11.794569,O=C(NCc1cc(C(F)(F)F)cc(C(F)(F)F)c1)C1CC(c2cccc(F)c2)=NO1,
1.6168375,6.364143,O=C(NCc1nc(-c2ccc(C(F)(F)F)cc2)no1)Nc1ccc(OC(F)(F)F)cc1,
-0.13964695,3.1562054,O=C(c1cccc(F)c1)N1C2C=CC(C2)C1(C(F)(F)F)C(F)(F)F,
0.064385645,8.914017,CN(C)S(=O)(=O)NCCNC(=O)c1cc(OCC(F)(F)F)ccc1OCC(F)(F)F,
4.307792,6.775853,O=C(O)CSc1nnc(Cc2cccc3ccccc23)n1-c1cc(C(F)(F)F)cc(C(F)(F)F)c1,
4.0902433,6.8491096,CC(Oc1cc(C(F)(F)F)cc(C(F)(F)F)c1)C(=O)NC(N)=O,
0.8914793,4.507459,O=C(NC(NCCCN1CCOCC1)(C(F)(F)F)C(F)(F)F)C1CCCCC1,
1.4039555,4.5881653,CCn1c(C)nc2cc(S(=O)(=O)C(F)(F)C(F)C(F)(F)F)ccc21,
8.164264,11.752314,O=C(NCCCCc1ccccc1)C1CC(c2cc(C(F)(F)F)cc(C(F)(F)F)c2)=NO1,
8.205075,11.709529,O=C(NCc1cccc(C(F)(F)F)c1)C1CC(c2ccccc2C(F)(F)F)=NO1,
2.0392294,5.1742277,O=S(=O)(c1ccccc1C(F)(F)F)N1C=CC(C(F)(F)F)=NCC1,
1.1042038,4.7438407,CC(ON1CC1(C(F)(F)F)C(F)(F)F)(C(N)=O)C(N)=O,
8.173047,11.742123,O=C(NCc1cc(C(F)(F)F)cc(C(F)(F)F)c1)C1CC(c2ccccc2C(F)(F)F)=NO1,
8.070997,2.9412155,NC1=NC[C@@H](CC2CCCCC2)N1CCc1cc(C(F)(F)F)cc(C(F)(F)F)c1,
0.5480169,1.5175211,CC(C)Cn1c2c(c(=O)[nH]c1=O)C(C(F)(F)F)(C(F)(F)F)N=C(CCC1CCCCC1)N2,
2.497211,4.772802,Nc1ccc(-c2ccc(N)cc2C(F)(F)F)c(C(F)(F)F)c1,
1.5102913,4.2448974,NNc1ccc2nnc(C(F)(F)C(F)(F)C(F)(F)F)n2n1,
1.4890279,4.2396255,CNc1ccc2nnc(C(F)(F)C(F)(F)C(F)(F)F)n2n1,
4.318692,7.376128,O=C(O)CCC(=O)Nc1cc(C(F)(F)F)cc(C(F)(F)F)c1,
8.217414,11.696148,O=C(NCc1cc(C(F)(F)F)cc(C(F)(F)F)c1)C1CC(c2c(Cl)cccc2Cl)=NO1,
-0.69405067,4.575054,CCC(NC(=O)Nn1cnnc1)(C(F)(F)F)C(F)(F)F,
3.2613733,7.3923664,O=C(/C(=C/Nc1cccc(C(F)(F)F)c1)C(=O)C(F)(F)F)c1ccco1,
0.5311515,1.4654615,O=c1[nH]c(=O)n(Cc2ccco2)c2c1C(C(F)(F)F)(C(F)(F)F)N=C(Cc1ccccc1)N2,
1.5478435,4.5278006,C[C@@]12C=C(/C=C/c3ccc(C(F)(F)F)cc3)[C@](C)(C1)[C@H](c1ccc(C(F)(F)F)cc1)CC2=O,
2.839863,3.9263945,Cc1cc(C(F)(F)F)nn1-c1nc(-c2ccccc2)cc(C(F)(F)F)n1,
2.864881,4.035915,COc1ccc(-c2cc(C(F)(F)F)nc(-n3nc(C(F)(F)F)cc3C)n2)cc1,
0.6625947,-2.7810059,CCCCn1nc2cc(C(=O)NCc3ccc(C(F)(F)F)cc3C(F)(F)F)ccc2c1OCC,
-0.2292562,5.1509376,COc1ccc(NC(=O)NC(C)(C(F)(F)F)C(F)(F)F)cc1,
1.1911861,4.491108,O=S(=O)([O-])C(F)(F)C(F)(F)C(F)(F)C(F)(F)F,
0.6953246,5.4883294,CCOC(=O)c1c(N)sc(C(O)(C(F)(F)F)C(F)(F)F)c1-c1ccccc1,
8.11502,6.8326297,CC(C)CC(COCc1ccc(C(F)(F)F)cc1)N1CCN(C(=O)c2ccc(C(F)(F)F)cc2)CCC1=O,
9.006495,6.6345353,O=C(c1cc(C(F)(F)F)cc(C(F)(F)F)c1)N1CCC2(CC1)CCN(c1ncccn1)CC2,0.0
2.65938,5.000655,N#Cc1nn(-c2c(Cl)cc(C(F)(F)F)cc2Cl)c(N)c1S(=O)C(F)(F)F,
-0.035830773,8.671075,O=C(NCC1CCCCN1)c1cc(OCC(F)(F)F)ccc1OCC(F)(F)F,
1.792164,5.7701197,O=C(Cn1nc(C(F)(F)F)c2c1CCC2)Nc1ccccc1C(F)(F)F,
0.8467423,6.2143955,Cc1c(NC(=O)CC(O)(C(F)(F)F)C(F)(F)F)c(=O)n(-c2ccccc2)n1C,
3.196283,7.48074,O=C(Nc1cccc(C(F)(F)F)c1)c1cc2c(=O)c3ccccc3oc2nc1C(F)(F)F,
3.7692327,5.4778805,O=C(c1cccc(C(F)(F)F)c1)N1CCOC12CCN(c1ncc(C(F)(F)F)cc1Cl)CC2,
0.6045233,5.754792,CC(C)COC(=O)N(C)c1ccc(C(O)(C(F)(F)F)C(F)(F)F)cc1,
3.5044174,7.6140933,CC1(C(=O)NCCC(F)(F)F)Cc2c(-c3cccc(C(F)(F)F)c3)ccnc2O1,
2.76404,3.9266279,CSc1nn2c(C(F)(F)F)cc(C(F)(F)F)nc2c1C(=O)O,
1.9735187,4.5859175,COc1cccc2c(=O)c(SC(F)(F)C(F)C(F)(F)F)c(C)[nH]c12,
0.8411644,4.6319838,O=C(NCCCCO)C(F)(F)C(F)(F)C(F)(F)C(=O)NCCCCO,
0.5294907,1.4757632,O=c1[nH]c(=O)n(Cc2ccco2)c2c1C(C(F)(F)F)(C(F)(F)F)N=C(CCC1CCCCC1)N2,
9.178032,7.651393,COc1ccc(C(=O)N2CCC3(CCCN(Cc4cc(C(F)(F)F)cc(C(F)(F)F)c4)C3)CC2)cc1,0.0
2.9929235,5.3318305,O=c1nc(CSc2ncc(C(F)(F)F)cc2Cl)[nH]c2cc(C(F)(F)F)ccc12,
-0.7001777,5.6438646,O=C(NC(NNc1ccc([N+](=O)[O-])cc1)(C(F)(F)F)C(F)(F)F)c1ccc(Cl)cc1,
3.9407465,6.7346816,[N-]=[N+]=NC(c1ccccc1)C(NC(=O)c1cc(C(F)(F)F)cc(C(F)(F)F)c1)c1ccccc1,
1.6260594,4.4723506,OC(COCC(F)(F)C(F)(F)C(F)(F)C(F)F)Cn1c2ccccc2c2ccccc21,
1.5137404,4.8686914,CCCn1c(=O)[nH]c(=O)c2c1nc(-c1ccc(OC(F)(F)C(F)C(F)(F)F)cc1)n2CCOC,
3.1370585,5.3461866,O=c1c(-c2ncc(C(F)(F)F)cc2Cl)c[nH]c2ccc(C(F)(F)F)cc12,
-0.3966889,4.4983406,CCC(C(=O)Nc1ncccn1)(C(F)(F)F)C(F)(F)F,
-0.22828072,4.688447,O=C(Nc1nccs1)NC(C(F)(F)F)C(F)(F)F,
-1.2633858,5.985726,CCOC(=O)C(NC(=O)CC)(Nc1ccc(C(O)(C(=O)OCC)C(F)(F)F)cc1C)C(F)(F)F,
8.176771,11.73827,O=C(NCc1ccc(OC(F)(F)F)cc1)C1CC(c2ccccc2C(F)(F)F)=NO1,
2.5215325,4.264886,Cc1cc(C(F)(F)F)n2nc(-c3cnn(C)c3C(F)(F)F)c(Cl)c2n1,
8.117323,6.829089,O=C(c1ccc(C(F)(F)F)cc1)N1CCC(=O)N([C@H](COCc2ccc(C(F)(F)F)cc2)Cc2ccccc2)CC1,
1.3679026,5.265712,CCOC(=O)c1cn(-c2ccc(F)c(F)c2F)c2c(F)c(F)c(F)cc2c1=O,
-0.13766348,4.8889976,O=C(Nc1cccnc1)C1(F)C(F)(F)C(F)(F)C(F)(F)C(F)(F)C1(F)F,
-0.33499527,4.4580755,CCC(C(=O)Nc1ncn[nH]1)(C(F)(F)F)C(F)(F)F,
-0.6896722,5.2531595,CCCC(=O)NC(Nc1ccc(S(=O)(=O)Nc2cc(C)on2)cc1)(C(F)(F)F)C(F)(F)F,
2.4422295,6.3222036,CCC/C=C(\CCC)C(NC(=O)c1ccc(C(F)(F)F)cc1)c1ccc(C(F)(F)F)cc1,0.0
0.88466185,3.838445,CCOC(=O)C1(C(F)(F)F)N=C(C(F)(F)F)Nc2ccccc21,
3.2458513,7.052895,O=C(c1cccc(C(F)(F)F)c1)N1CCc2c([nH]c3ccccc23)C1C(F)(F)F,
-0.45269373,4.903153,CC(NC(=O)Nn1cnnc1)(C(F)(F)F)C(F)(F)F,
8.265201,3.1345048,Oc1ccc(C[C@@H]2CNCCN2CCc2cc(C(F)(F)F)cc(C(F)(F)F)c2)cc1,
9.134559,6.600255,O=C(c1cc(C(F)(F)F)cc(C(F)(F)F)c1)N1CCC[C@@]2(CCN(c3ccccc3)C2)C1,0.0
1.143432,4.1146984,CC1=CSC2=NC(C(F)(F)F)(C(F)(F)F)NC(=O)N12,
1.7352067,4.5065536,Cc1cc(OCC(F)(F)C(F)(F)C(F)(F)C(F)(F)C(F)(F)C(F)F)nc(N)n1,
9.291903,7.7721004,O=C(c1cnccn1)N1CCC2(CCN(Cc3cc(C(F)(F)F)cc(C(F)(F)F)c3)CC2)CC1,0.0
0.72740036,1.6239451,Cn1c2c(c(=O)n(C)c1=O)C(C(F)(F)F)(C(F)(F)F)N=C(c1ccc(Cl)cc1)N2,
9.283113,7.3101397,O=C(c1cc(C(F)(F)F)cc(C(F)(F)F)c1)N1CCC2(CCCN(Cc3ccncc3)C2)CC1,
1.6065886,4.384138,Fc1c(F)c(C(F)(F)F)c(F)c(F)c1N1CCN(c2ccc3nnc(C(F)(F)F)n3n2)CC1,
0.70437145,-2.76492,CCCCn1nc2cc(C(=O)NCc3cc(C(F)(F)F)cc(C(F)(F)F)c3)ccc2c1OC,
0.698804,-2.7623405,CCOc1c2ccc(C(=O)NCc3ccc(C(F)(F)F)cc3C(F)(F)F)cc2nn1C,
0.6956267,-2.7628238,CCOc1c2ccc(C(=O)NCc3cc(C(F)(F)F)cc(C(F)(F)F)c3)cc2nn1C,
0.7060737,-2.7650826,COc1c2ccc(C(=O)NCc3cc(C(F)(F)F)cc(C(F)(F)F)c3)cc2nn1C,
1.9561478,5.4363866,CC(C)OC(=O)/C=C1\C[C@@H](c2ccccc2C(F)(F)F)O[C@@H](c2ccccc2C(F)(F)F)O1,
4.628907,6.2444673,O=C(Cc1ccsc1)N1CCN(S(=O)(=O)c2cc(C(F)(F)F)cc(C(F)(F)F)c2)CC1,
9.036645,8.049233,O=S(=O)(c1ccccc1)N1CCC2(CCCN(Cc3cc(C(F)(F)F)cc(C(F)(F)F)c3)C2)CC1,0.0
4.329244,7.3631563,O=C(Nc1cc(C(F)(F)F)cc(C(F)(F)F)c1)Nc1cnn(-c2ccc([N+](=O)[O-])cc2)c1C(F)(F)F,
9.583954,6.4191008,N#Cc1cccc(NC(=O)N2CC[C@@]3(CCCN(C(=O)c4cc(C(F)(F)F)cc(C(F)(F)F)c4)C3)C2)c1,0.0
9.034382,6.6281004,O=C(c1cc(C(F)(F)F)cc(C(F)(F)F)c1)N1CCC2(CCCN(c3ncccn3)C2)CC1,0.0
0.47902617,1.4342663,O=c1[nH]c(=O)n(Cc2ccco2)c2c1C(C(F)(F)F)(C(F)(F)F)N=C(C1CCCCC1)N2,
4.1858687,7.5037017,O=C(Nc1cc(C(F)(F)F)cc(C(F)(F)F)c1)[C@H]1O[C@@H](n2ccc(=O)[nH]c2=O)[C@H](O)[C@@H]1O,
7.7062144,3.9439669,FC(F)(F)c1ccc(CN2C[C@@H]3C(c4ccc(C(F)(F)F)cc4)C4(c5ccccc5)CC3(C4)[C@H]2c2ccccc2)cc1,
2.7149436,4.8457675,COc1ccc(-c2nc3c(Cl)cc(C(F)(F)F)cn3c2Cc2ccccc2C(F)(F)F)cc1OC,
1.8871781,4.683675,Cc1[nH]c2ccccc2c(=O)c1SC(F)(F)C(F)C(F)(F)F,
-1.2720271,5.3572516,CC(=O)NC(Nc1nc2c(s1)CCCC2)(C(F)(F)F)C(F)(F)F,
1.3352983,6.6367393,O=C(Nc1ccc(F)cc1)Nc1cc(OCC(F)(F)F)cc(OCC(F)(F)F)c1,
0.2766291,4.536021,O=C(Nc1ccccn1)C(F)(F)C(F)(F)C(F)(F)C(F)(F)C(=O)Nc1ccccn1,
0.24674243,5.7420535,O=S(=O)(Nc1ccc(C(O)(C(F)(F)F)C(F)(F)F)cc1)c1cccc2ccccc12,
1.4774089,4.9910417,Fc1nc(N2CCCC2)c(F)c(Oc2ccccc2Oc2c(F)c(F)nc(N3CCCC3)c2F)c1F,
1.4012455,4.7102184,O=c1[nH]cc(COCC(F)(F)C(F)(F)C(F)(F)F)c(=O)[nH]1,
3.6528044,7.425503,O=C(CN1CCN(Cc2cccc(C(F)(F)F)c2)CC1)NCC(=O)Nc1ccc(F)c(F)c1F,
0.68758005,1.6403888,Cn1c2c(c(=O)n(C)c1=O)C(C(F)(F)F)(C(F)(F)F)N=C(c1ccccc1Cl)N2,
1.2430508,6.4786806,O=C(Nc1ccc(OC(F)(F)C(F)F)c(NC(=O)c2ccc(F)cc2)c1)c1ccc(F)cc1,
3.932635,7.508139,FC(F)(F)c1cc(NC(=S)Nc2ccc3cc4ccccc4cc3c2)cc(C(F)(F)F)c1,
4.3927236,6.0327983,O=S(=O)(c1ccc(C(F)(F)F)cc1)N1CCCN(c2ccc(C(F)(F)F)cn2)CC1,
2.0202868,6.273848,CCOC(=O)/C(=C\Nc1ccccc1C(F)(F)F)Sc1ncc(C(F)(F)F)cc1Cl,
2.9482682,6.188192,Cc1ccc(-c2csc(N(CCO)CCCn3c(C(F)(F)F)nc4cc(C(F)(F)F)ccc43)n2)cc1,
2.420718,5.19859,O=c1cc(C(F)(F)F)[nH]c2c(C(F)(F)F)cccc12,
1.8486023,5.4660687,C=C1c2cccc(C(F)(F)F)c2O[C@H](C(=O)OCC)[C@@H]1OC.C=C1c2cccc(C(F)(F)F)c2O[C@H](C(=O)OCC)[C@H]1OC,
1.1354293,6.0558014,CC(=O)Nc1ccc(OC(F)(F)C(F)C(F)(F)F)c(NC(C)=O)c1,
0.51261735,5.7917156,CC(=O)Nc1ccc(C(O)(C(F)(F)F)C(F)(F)F)cc1,
3.1994746,6.9885616,CC(C)(C)NC(=O)C1C(c2ccc(C(F)(F)F)cc2)=Nc2ccccc2N1C(=O)c1cccc(C(F)(F)F)c1,
-0.032735717,8.843308,O=S(=O)(NCc1ccccn1)c1cc(OCC(F)(F)F)ccc1OCC(F)(F)F,
0.57458234,2.2909558,CC1(C)CC(=O)C2=C(C1)N(Cc1ccco1)C(=O)NC2(C(F)(F)F)C(F)(F)F,
0.026404204,8.817064,COc1ccc(C(=O)NCCNC(=O)c2cc(OCC(F)(F)F)ccc2OCC(F)(F)F)cc1,
2.3793392,7.1770124,O=C(Nc1ccc(F)cc1F)c1c(C(F)(F)F)ccnc1Oc1cccc(C(F)(F)F)c1,
-1.0457593,5.4719415,O=C(NC(Nc1nc2ccccc2s1)(C(F)(F)F)C(F)(F)F)c1ccccc1,
1.2135768,6.570236,O=C(CCCC(=O)OCC(F)(F)C(F)F)Nc1ccc(NC(=O)CCCC(=O)OCC(F)(F)C(F)F)cc1,
0.52488035,4.0948935,Cc1nn(C)cc1/C=N/NC(=O)C(F)(F)C(F)(F)C(F)(F)C(F)(F)C(F)(F)C(F)(F)F,
3.7260854,5.473036,O=C(OC1CCN(c2ncc(C(F)(F)F)cc2Cl)CC1)c1cccc(C(F)(F)F)c1,
-1.2136114,5.8529186,CCCCOC(=O)NC(NCC(O)c1ccccc1)(C(F)(F)F)C(F)(F)F,
3.2427268,7.4319587,O=C(/C=C/c1cccc(C(F)(F)F)c1)Nc1cccc(C(F)(F)F)c1,
2.7246633,8.026768,CN(C(=O)c1cc2nc(-c3ccc4c(c3)OCO4)cc(C(F)(F)F)n2n1)c1ccc(OC(F)(F)F)cc1,
2.4172714,4.348814,Cc1cc(C(F)(F)F)nc(NNc2nc(C)cc(C(F)(F)F)n2)n1,
3.3328786,7.306552,CC(O)(CS(=O)(=O)c1cccc(C(F)(F)F)c1)C(=O)Nc1ccc(C(F)(F)F)cc1,
2.945351,6.6140323,Cc1nc(C(F)(F)F)ccc1C(=O)Nc1ccc(C(F)(F)F)cn1,
0.8542921,5.165258,O=C(O)/C=C/C(=O)Nc1ccc(SC(F)(F)C(F)(F)C(F)(F)F)cc1,
3.1031728,7.0344706,O=C(NNC(=O)c1cc2cc(OC(F)(F)F)ccc2[nH]1)c1cccc(C(F)(F)F)c1,
1.2457433,6.8164654,COc1ccc(C(=O)Nc2ccc(OCC(F)(F)C(F)F)c(C(F)(F)F)c2)cc1OC,
9.190315,7.2314234,COc1ccccc1CN1CC2(CCN(C(=O)c3cc(C(F)(F)F)cc(C(F)(F)F)c3)CC2)C1,0.0
0.9513704,6.655456,COc1ccc(-c2c(C(F)(F)F)oc3cc(OCC(=O)Nc4ccccc4C(F)(F)F)ccc3c2=O)cc1OC,
0.9215717,6.63956,COc1ccccc1-c1c(C(F)(F)F)oc2cc(OCC(=O)Nc3ccccc3C(F)(F)F)ccc2c1=O,
3.335193,6.2044487,FC(F)(F)c1cccc(Oc2cc(C(F)(F)F)nc(-c3ccccn3)n2)c1,
-0.72803557,5.694442,O=C(NC(NNc1ccc([N+](=O)[O-])cc1)(C(F)(F)F)C(F)(F)F)c1ccccc1Cl,
1.583469,4.508896,CC12C=C(/C=C/c3ccc(C(F)(F)F)cc3)C(C)(C1)C(c1ccc(C(F)(F)F)cc1)CC2=O,0.0
1.7636164,6.3442526,O=C(/C=C/Nc1ccc(Cc2ccc(N/C=C/C(=O)C(F)(F)F)cc2)cc1)C(F)(F)F,
1.3496915,5.750215,O=C(O)c1ccc(OC(F)(F)C(F)C(F)(F)F)cc1,
3.3836942,7.5156484,O=C(Nc1cccc(C(F)(F)F)c1)N(Cc1ccc(Cl)cc1)CC(O)C(F)(F)F,
1.2416034,5.712186,O=C(Nn1cnnc1)c1ccc(OC(F)(F)C(F)C(F)(F)F)cc1,
1.2204899,6.8448577,O=C(Nc1ccc(OCC(F)(F)C(F)F)c(C(F)(F)F)c1)c1ccc(Cl)cc1,
3.9627855,3.5280318,N#CC(c1ccccc1)c1ccc2c(C(F)(F)F)cc(C(F)(F)F)nc2n1,
3.7061665,7.028939,Nc1ncnc(Nc2cc(C(F)(F)F)cc(C(F)(F)F)c2)n1,
2.8847196,5.519316,CC1(C)O[C@@H](C(O)(c2cc(C(F)(F)F)cc(C(F)(F)F)c2)c2cc(C(F)(F)F)cc(C(F)(F)F)c2)[C@H](C(O)(c2cc(C(F)(F)F)cc(C(F)(F)F)c2)c2cc(C(F)(F)F)cc(C(F)(F)F)c2)O1,
-0.8104409,4.5862975,CCC(NC(=O)Nc1ncccc1C)(C(F)(F)F)C(F)(F)F,
9.289787,6.6900554,CN1CC[C@@]2(CCCN(C(=O)c3cc(C(F)(F)F)cc(C(F)(F)F)c3)C2)C1,0.0
8.120071,6.83227,CC(C)CC(COCc1cccc(C(F)(F)F)c1)N1CCN(C(=O)c2cccc(C(F)(F)F)c2)CCC1=O,
3.170976,7.624859,O=C(CNc1cc(S(=O)(=O)N2CCCC2)ccc1OCC(F)(F)F)Nc1cccc(C(F)(F)F)c1,
9.56099,6.45276,N#Cc1cccc(NC(=O)N2CC3(CCN(C(=O)c4cc(C(F)(F)F)cc(C(F)(F)F)c4)CC3)C2)c1,1.0
0.49502623,4.76334,CCN1C(=O)[C@H]2[C@@H](C1=O)C(c1ccc(OC)cc1)N(C(=O)CNC1CCCCC1)[C@@]2(C)C(=O)OCCCC(F)(F)C(F)(F)C(F)(F)C(F)(F)C(F)(F)C(F)(F)C(F)(F)C(F)(F)F,
-1.0088992,6.125867,CCOC(=O)NC1(C(F)(F)F)NC(=O)N(c2cccc(C(F)(F)F)c2)C1=O,
4.4231668,7.536977,O=C(CSc1nc(=O)[nH]c2c1CCCC2)Nc1cc(C(F)(F)F)cc(C(F)(F)F)c1,
8.145878,11.76967,CCCCN(CCCC)CCCNC(=O)C1CC(c2cc(C(F)(F)F)cc(C(F)(F)F)c2)=NO1,
8.119571,11.793629,O=C(NCc1cc(C(F)(F)F)cc(C(F)(F)F)c1)C1CC(c2ccc(C(F)(F)F)cc2)=NO1,
8.158874,11.755779,O=C(NCc1cc(C(F)(F)F)cc(C(F)(F)F)c1)C1CC(c2ccccc2F)=NO1,
3.433334,5.3607783,O=c1c2nncn2c2cc(C(F)(F)F)ccc2n1CCNc1ncc(C(F)(F)F)cc1Cl,
9.508928,6.5372806,COc1ccc(NC(=O)N2CCC3(CC2)CCN(C(=O)c2cc(C(F)(F)F)cc(C(F)(F)F)c2)CC3)cc1,0.0
3.8692958,6.699031,NC(=S)NNC(=O)c1cc(C(F)(F)F)cc(C(F)(F)F)c1,
0.031493988,8.824094,CCCCC(=O)NCCNC(=O)c1cc(OCC(F)(F)F)ccc1OCC(F)(F)F,
7.9953876,3.2764902,FC(F)(F)c1cc(CO[C@@H]2CCCN[C@@H]2c2ccccc2)cc(C(F)(F)F)c1,
3.5944448,7.4889503,O=C(CN1CCN(c2cccc(C(F)(F)F)c2)CC1)Nc1cccc(C(F)(F)F)c1,
2.4681568,5.1162786,O=c1nc(/C=C/c2ccccc2C(F)(F)F)cc(C(F)(F)F)[nH]1,
0.5113505,1.6140846,O=c1[nH]c(=O)n(-c2ccc(F)cc2)c2c1C(C(F)(F)F)(C(F)(F)F)N=C(c1ccc(F)cc1)N2,
3.4567106,7.592569,CC1(C(=O)Nc2cccc(OC(F)(F)F)c2)Cc2c(-c3cccc(C(F)(F)F)c3)ccnc2O1,
9.091217,6.7774143,O=C(c1cc(C(F)(F)F)cc(C(F)(F)F)c1)N1CCC2(CC1)CCN(c1ccncc1)CC2,0.0
9.172037,7.2807374,COc1ccccc1CN1CCCC2(CCN(C(=O)c3cc(C(F)(F)F)cc(C(F)(F)F)c3)CC2)C1,0.0
9.553484,6.42672,O=C(Nc1cccc(F)c1)N1CC[C@@]2(CCCN(C(=O)c3cc(C(F)(F)F)cc(C(F)(F)F)c3)C2)C1,0.0
1.8506403,3.5614195,CCCNc1nc(OC(C(F)(F)F)C(F)(F)F)nc(OC(C(F)(F)F)C(F)(F)F)n1,
3.6717763,5.413483,O=C(CN1CCN(c2ncc(C(F)(F)F)cc2Cl)CC1)NCCNc1ncc(C(F)(F)F)cc1Cl,
2.945684,6.2527876,O=C(NCCn1c(C(F)(F)F)nc2cc(C(F)(F)F)ccc21)[C@H]1CCCN1c1nc(CN2CCCCC2)cs1,
2.957053,6.246062,Cc1ccc(-c2csc(NCCn3c(C(F)(F)F)nc4cc(C(F)(F)F)ccc43)n2)cc1,
0.86040187,6.2137837,Cc1ccc(NC(=O)CC(O)(C(F)(F)F)C(F)(F)F)cc1,
4.165478,7.0211635,O=C1CC(c2ccc(S(=O)(=O)Nc3cc(C(F)(F)F)cc(C(F)(F)F)c3)cc2)CN1,
2.183221,4.673304,CCOC(=O)c1nc(C)nc(Sc2n[nH]c(-c3cc(C(F)(F)F)cc(C(F)(F)F)c3)n2)c1C,
4.4145966,7.1993494,CCCCNC(=O)C(NC(=O)Cc1cc(C(F)(F)F)cc(C(F)(F)F)c1)C(=O)c1ccccc1,
8.10841,2.957713,FC(F)(F)c1cc(CCN2C(=S)NC[C@@H]2Cc2ccccc2)cc(C(F)(F)F)c1,
8.1086445,2.9445848,NCCCC[C@H]1CNC(=S)N1CCc1cc(C(F)(F)F)cc(C(F)(F)F)c1,
2.4582927,7.571085,Cn1nc(C(F)(F)F)c(-c2cccc(C(F)(F)F)c2)c1NC(=O)CSCC(=O)O,
4.1922936,6.445605,N/C(=N\S(=O)(=O)c1cc(C(F)(F)F)cc(C(F)(F)F)c1)c1ccccc1,
8.105463,6.836046,CC(C)C[C@@H](COCc1cccc(C(F)(F)F)c1)N1CCN(C(=O)c2ccc(C(F)(F)F)cc2)CCC1=O,
3.1980321,4.42022,Cc1cccc(N/C(N)=N/c2nc(C(F)(F)F)cc(C(F)(F)F)n2)c1,
-0.7761927,4.732242,CCC(NC(=O)N(Cc1ccccc1)Cc1ccc2c(c1)OCO2)(C(F)(F)F)C(F)(F)F,
2.2137113,4.5288506,Nc1cc(N)c(OCC(F)(F)F)cc1OCC(F)(F)F,
2.8877802,5.5074825,CC1(C)OC(C(O)(c2cc(C(F)(F)F)cc(C(F)(F)F)c2)c2cc(C(F)(F)F)cc(C(F)(F)F)c2)C(C(O)(c2cc(C(F)(F)F)cc(C(F)(F)F)c2)c2cc(C(F)(F)F)cc(C(F)(F)F)c2)O1,0.0
4.2129073,7.414114,O=C(CN1CCCC1)Nc1cc(C(F)(F)F)cc(C(F)(F)F)c1,
7.7103324,3.942676,COC(=O)c1cccc(C23CC4(C2)[C@@H](c2ccccc2)N(Cc2ccc(C(F)(F)F)cc2)C[C@@H]4C3c2ccc(C(F)(F)F)cc2)c1,
3.6283088,7.2458777,Cn1nc(C(F)(F)F)c(C#N)c1N1CCN(c2cccc(C(F)(F)F)c2)CC1,
9.148964,8.010546,COCC(=O)N1CCC2(CCCN(Cc3cc(C(F)(F)F)cc(C(F)(F)F)c3)C2)CC1,0.0
3.3543324,6.450011,FC(F)(F)c1cccc(Cn2nnnc2-c2cccc(C(F)(F)F)c2)c1,
9.316379,7.6477294,O=C(c1cccc(F)c1)N1CCC2(CCN(Cc3cc(C(F)(F)F)cc(C(F)(F)F)c3)CC2)CC1,0.0
2.720761,6.797477,O=C(Nc1cc(C(F)(F)F)ccc1O)Nc1cc(C(F)(F)F)ccc1O,
0.5232538,1.5823716,Cc1ccc(C2=NC(C(F)(F)F)(C(F)(F)F)c3c(n(-c4ccc(F)cc4)c(=O)[nH]c3=O)N2)cc1,
2.364788,6.151845,O=C(O)C1=CCCN(CCOC(c2ccc(C(F)(F)F)cc2)c2ccc(C(F)(F)F)cc2)C1,1.0
3.3104336,6.6554074,CCCCNC(=O)c1nc(C2CCN(S(=O)(=O)c3ccccc3C(F)(F)F)CC2)oc1-c1cccc(C(F)(F)F)c1,
0.906015,6.2406154,CCOc1ccccc1NC(=O)CC(O)(C(F)(F)F)C(F)(F)F,
2.2915905,4.879039,CSCCC(c1nc2ccccc2[nH]1)n1c(-c2cc(C(F)(F)F)cc(C(F)(F)F)c2)nc2ccccc21,
2.3496869,4.83689,FC(F)(F)c1cc(Cc2nc3ccccc3n2C(CCc2ccccc2)c2nc3ccccc3[nH]2)cc(C(F)(F)F)c1,
0.51467276,4.80641,CCCCNCC(=O)N1[C@H](c2ccc(OC)cc2)[C@@H]2C(=O)N(CC)C(=O)[C@@H]2[C@]1(C)C(=O)OCCCC(F)(F)C(F)(F)C(F)(F)C(F)(F)C(F)(F)C(F)(F)C(F)(F)C(F)(F)F,
1.6656169,6.3021064,O=C(Nc1ccc(F)cc1)C(c1ccccc1OC(F)(F)F)N1CCN(c2cccc(C(F)(F)F)n2)CC1,
9.245587,6.7226815,CN1CCCC2(CCN(C(=O)c3cc(C(F)(F)F)cc(C(F)(F)F)c3)CC2)C1,0.0
0.88452995,5.3661766,Nc1c(C(O)(C(F)(F)F)C(F)(F)F)cc(C(O)(C(F)(F)F)C(F)(F)F)c2ccccc12,
8.09516,11.819956,O=C(NCc1cccc(Br)c1)C1CC(c2cc(C(F)(F)F)cc(C(F)(F)F)c2)=NO1,
0.8529113,6.2522945,CC(NC(=O)CC(O)(C(F)(F)F)C(F)(F)F)c1ccccc1,
2.3860455,5.749722,O=C(NCCN1CCC(n2c(=O)[nH]c3ccccc32)CC1)c1ccc(C(F)(F)F)cc1C(F)(F)F,
-0.37549153,5.141962,Cc1noc(NS(=O)(=O)c2ccc(NC(=O)NC(C)(C(F)(F)F)C(F)(F)F)cc2)c1C,
0.018870344,8.918939,Cc1ccc(S(=O)(=O)NCCNC(=O)c2cc(OCC(F)(F)F)ccc2OCC(F)(F)F)cc1,
1.1908356,-2.8184102,CCOc1ccc(-c2cc(C(=O)NCc3cc(C(F)(F)F)cc(C(F)(F)F)c3)[nH]n2)c(C)c1,
-0.70759726,4.6209564,CCC(NC(=O)NNC(N)=S)(C(F)(F)F)C(F)(F)F,
-1.0846908,5.727752,O=C(Cc1ccccc1)NC(NCCCN1CCOCC1)(C(F)(F)F)C(F)(F)F,
0.8700423,6.2369833,COc1ccc(C)cc1NC(=O)CC(O)(C(F)(F)F)C(F)(F)F,
0.05910864,8.966309,O=C(NCCNS(=O)(=O)c1ccccc1Cl)c1cc(OCC(F)(F)F)ccc1OCC(F)(F)F,
9.472203,6.5951123,CC(C)NC(=O)N1CCCC2(CCN(C(=O)c3cc(C(F)(F)F)cc(C(F)(F)F)c3)CC2)C1,0.0
3.939569,3.6101394,FC(F)(F)c1cccc(Oc2ccc3c(C(F)(F)F)cc(C(F)(F)F)nc3n2)c1,
1.6687601,4.48241,OC(COCC(F)(F)C(F)(F)C(F)(F)C(F)F)Cn1c2ccc(Cl)cc2c2cc(Cl)ccc21,
0.18464787,5.1441255,COc1cc2c(cc1NC(=O)C(F)(F)F)-c1ccc(NC(=O)C(F)(F)F)cc1C2,
4.3654494,7.4436636,O=C(CN1CCN(C(=O)C2CC2)CC1)Nc1cc(C(F)(F)F)cc(C(F)(F)F)c1,
3.9541707,6.7074027,Cc1nn(C(=O)c2c(-c3ccccc3)noc2C)c(C)c1/N=N/c1cc(C(F)(F)F)cc(C(F)(F)F)c1,
3.3508656,6.7068586,CCCCNC(=O)c1nc(C2CCN(S(=O)(=O)c3cccc(C(F)(F)F)c3)CC2)oc1-c1cccc(C(F)(F)F)c1,
3.3430934,7.193333,O=C(Nc1cccc(C(F)(F)F)c1)N1CCN(C(=O)Nc2cccc(C(F)(F)F)c2)CC1,
4.6052136,6.191164,COc1ccccc1N1CCN(S(=O)(=O)c2cc(C(F)(F)F)cc(C(F)(F)F)c2)CC1,
4.346369,7.2191205,O=C(Cc1cc(C(F)(F)F)cc(C(F)(F)F)c1)Nc1c(-c2ccccc2)[nH][nH]c1=O,
1.75548,4.5905437,Cc1nc2c(F)c(F)c(C(F)(F)F)c(F)c2[nH]1,
-1.318896,5.8373713,CCOC(=O)NC(Nc1ccc(OC)cc1)(C(F)(F)F)C(F)(F)F,
-1.3813376,5.170146,CCOC(=O)NC(Nc1nnc(SCC)s1)(C(F)(F)F)C(F)(F)F,
-1.3139498,5.7838373,CCOC(=O)NC(NCC(O)c1ccccc1)(C(F)(F)F)C(F)(F)F,
2.9121184,7.829733,COc1ccc(-c2cc(C(F)(F)F)n3nc(C(=O)Nc4cccc(C(F)(F)F)c4)c(Br)c3n2)cc1,
7.9860945,3.287209,FC(F)(F)c1cc(CO[C@@H]2CCCN[C@H]2c2ccccc2)cc(C(F)(F)F)c1,0.0
4.150071,7.0138555,Nc1ncc(Br)cc1S(=O)(=O)Nc1cc(C(F)(F)F)cc(C(F)(F)F)c1,
-1.321705,5.836882,CCOC(=O)NC(NCc1ccccc1Cl)(C(F)(F)F)C(F)(F)F,
9.219991,6.9947357,O=C(c1cc(C(F)(F)F)cc(C(F)(F)F)c1)N1CCC2(CCN(Cc3nccs3)CC2)CC1,1.0
4.0445642,7.099262,CS(=O)(=O)NNC(=O)Cn1nnc(-c2cc(C(F)(F)F)cc(C(F)(F)F)c2)n1,
1.5905561,4.564804,FC(F)OC(F)(F)C(F)Cl,
2.4083557,6.96018,CCOc1ccc(C(F)(F)F)cc1NC(=O)COc1ccc(C(F)(F)F)cc1[N+](=O)[O-],
3.177578,6.7206955,O=C(Cn1c(C(F)(F)F)nc2ccccc21)Oc1cccc(C(F)(F)F)c1,
0.4683107,4.537986,O=C(NCCc1ccccn1)C(F)(F)C(F)(F)C(F)(F)C(F)(F)C(F)(F)C(F)(F)C(F)(F)C(F)F,
1.5234716,5.5789647,O=C(Nc1ccccc1NC(=O)c1c(F)c(F)c(F)c(F)c1F)c1c(F)c(F)c(F)c(F)c1F,
3.1765704,7.4838934,O=C(COCC(=O)Nc1cccc(C(F)(F)F)c1)Nc1cccc(C(F)(F)F)c1,
1.3215592,4.6567373,NC(=S)NN=Cc1nccc2c(C(F)(F)C(F)(F)C(F)(F)F)cccc12,
2.8552372,7.2629223,CCN1CCN(Cc2ccc(NC(=O)c3ccc(C)c(NC(=O)c4c[nH]c5cc(C(F)(F)F)ccc5c4=O)c3)cc2C(F)(F)F)CC1,
4.3717613,7.3005757,CC(C)(CC(=O)O)CC(=O)Nc1cc(C(F)(F)F)cc(C(F)(F)F)c1,
-0.27141702,4.584171,CC(C(=O)NC1=NCCS1)(C(F)(F)F)C(F)(F)F,
9.208345,7.449164,O=C(c1cc(C(F)(F)F)cc(C(F)(F)F)c1)N1CCC2(CC1)CN(Cc1ccncc1)C2,1.0
2.7868223,7.9600663,O=C(Nc1cccc(C(F)(F)F)c1)c1cc2nc(-c3ccccc3)cc(C(F)(F)F)n2n1,
0.52094495,1.5011905,CC(C)CC1=NC(C(F)(F)F)(C(F)(F)F)c2c(n(CC(C)C)c(=O)[nH]c2=O)N1,
0.26222095,5.758244,COc1cccc(S(=O)(=O)Nc2ccc(C(O)(C(F)(F)F)C(F)(F)F)cc2)c1,
0.29925945,5.743307,COC(=O)c1sccc1S(=O)(=O)Nc1ccc(C(O)(C(F)(F)F)C(F)(F)F)cc1,
0.22858696,5.7565928,O=S(=O)(Nc1ccc(C(O)(C(F)(F)F)C(F)(F)F)cc1)c1cccc2cccnc12,
0.25519574,5.7442527,CC(C)(C)c1ccc(S(=O)(=O)Nc2ccc(C(O)(C(F)(F)F)C(F)(F)F)cc2)cc1,
0.26997277,5.758113,O=S(=O)(Nc1ccc(C(O)(C(F)(F)F)C(F)(F)F)cc1)c1ccc(Cl)c2nonc12,
8.143885,2.9021919,NCCCC[C@H]1CNC(=O)C(=O)N1CCc1cc(C(F)(F)F)cc(C(F)(F)F)c1,
8.213594,2.8700192,CC(O)[C@H]1CNC(=O)C(=O)N1CCc1cc(C(F)(F)F)cc(C(F)(F)F)c1,
8.129559,2.9123564,CCCC[C@@H]1CNC(=O)C(=O)N1CCc1cc(C(F)(F)F)cc(C(F)(F)F)c1,
1.5344083,4.4051037,FC(F)(F)C(F)(F)C(F)(F)c1nc2nc(Cl)c(Cl)nc2[nH]1,
9.227892,7.603062,O=C(c1ccncc1)N1CCC2(CCN(Cc3cc(C(F)(F)F)cc(C(F)(F)F)c3)CC2)CC1,0.0
3.4137301,7.2481484,FC(F)C(F)(F)Oc1cccc(Nc2nccn3c(-c4cc(C(F)(F)F)cc(C(F)(F)F)c4)cnc23)c1,
0.6629389,5.5210156,CCOC(=O)c1c(N)sc(C(O)(C(F)(F)F)C(F)(F)F)c1-c1ccc(OC)cc1OC,
1.5891811,4.8463945,O=C1N=c2ccccc2=C1NNc1c(F)c(F)c(C(F)(F)F)c(F)c1F,
0.14071305,5.7267184,Cc1ccc(S(=O)(=O)Nc2ccc(C(OC(=O)c3ccccc3[N+](=O)[O-])(C(F)(F)F)C(F)(F)F)cc2)cc1,
9.10536,8.055549,FC(F)(F)c1cc(CN2CC[C@@]3(CCCNC3)C2)cc(C(F)(F)F)c1,0.0
2.892228,3.9868593,Cc1cc(C(F)(F)F)nn1-c1nc(-c2ccco2)cc(C(F)(F)F)n1,
3.1730237,7.562783,O=C(Nc1ccc(-c2csc(Nc3cccc(C(F)(F)F)c3)n2)cc1)c1cc([N+](=O)[O-])cc(C(F)(F)F)c1,
3.202037,7.5507183,O=C(Nc1ccc(-c2csc(Nc3cccc(C(F)(F)F)c3)n2)cc1)c1cccc(C(F)(F)F)c1,
0.35119766,5.0990114,COc1ccc(C(=O)NN/C(C)=C/C(=O)C(F)(F)C(F)(F)C(F)(F)F)cc1,
0.47181603,4.5515575,O=C(NCCc1ccccn1)C(F)(F)C(F)(F)C(F)(F)C(F)(F)C(F)(F)C(F)F,
-0.47278088,4.9159455,CC(NC(=O)NNC(N)=S)(C(F)(F)F)C(F)(F)F,
8.111558,2.974115,CC(O)[C@H]1CN=C(N)N1CCc1cc(C(F)(F)F)cc(C(F)(F)F)c1,
-1.2217239,5.7175107,CCCC(=O)NC(Nc1ccccc1Cl)(C(F)(F)F)C(F)(F)F,
4.0404773,5.5223455,O=C(NCc1cccc(C(F)(F)F)c1)c1[nH]c(C(F)(F)F)nc1-c1ccccc1,
-1.3722996,5.7412705,CCOC(=O)NC(Nc1ncccn1)(C(F)(F)F)C(F)(F)F,
-0.8265654,5.8993464,CCOC(=O)C(NC(=O)Nc1ccc(F)cc1F)(Oc1ccc(F)cc1)C(F)(F)F,
-0.4626521,4.9752827,Cc1cc(NC(=O)NC(C)(C(F)(F)F)C(F)(F)F)no1,
2.611695,5.6474905,Cc1[nH]n(-c2cc(C(F)(F)F)ccc2Cl)c2nc(C(F)(F)F)nc(=O)c1-2,
3.1978831,4.415601,Cc1ccc(N/C(N)=N/c2nc(C(F)(F)F)cc(C(F)(F)F)n2)cc1,
3.9749188,3.525673,FC(F)(F)c1cc(C(F)(F)F)c2ccc(N/N=C/c3cccc(Cl)c3)nc2n1,
-0.36754754,4.9808125,CC(NC(=O)Nc1ccc(O)cc1)(C(F)(F)F)C(F)(F)F,
-1.197579,4.824847,CCSc1nnc(NC(=O)C(CC)(C(F)(F)F)C(F)(F)F)s1,
4.3609376,7.457558,O=C(CCCc1nc(-c2ccccc2)no1)Nc1cc(C(F)(F)F)cc(C(F)(F)F)c1,
0.7513438,5.5106125,CNc1ccc(C(O)(C(F)(F)F)C(F)(F)F)cc1C(O)(C(F)(F)F)C(F)(F)F,
4.231195,6.539763,O=C(O)CN(c1ccccc1)S(=O)(=O)c1cc(C(F)(F)F)cc(C(F)(F)F)c1,
1.5569623,4.8629045,O=c1cc(-c2c(F)c(F)c(F)c(F)c2F)oc2c(F)c(F)c(F)c(F)c12,
1.8652148,3.5761468,CNc1nc(N)nc(OC(C(F)(F)F)C(F)(F)F)n1,
1.37589,4.705596,FC(F)(F)C(F)(F)C(F)(F)C(F)(F)C(F)(F)F,
3.0546968,5.8950562,NC(=O)c1ncc(C(F)(F)F)cc1Oc1ccc(C(F)(F)F)cc1,
1.9646777,4.791725,Cc1nc2ccc(C(C(F)(F)F)(C(F)(F)F)C(F)(F)F)cc2[nH]1,
3.6064475,5.320076,Nc1ccc(N2CCN(c3ncc(C(F)(F)F)cc3Cl)CC2)c(C(F)(F)F)c1,
9.490064,6.4855485,O=C(Nc1ccccc1)N1CC[C@@]2(CCCN(C(=O)c3cc(C(F)(F)F)cc(C(F)(F)F)c3)C2)C1,0.0
1.1780957,4.6678257,O=S(=O)(CCN(CCS(=O)(=O)C(F)(F)F)CC1CCCO1)C(F)(F)F,
3.3636947,3.172641,Cn1c(=O)c(C(=O)COC(=O)c2cc(C(F)(F)F)nc3c(C(F)(F)F)cccc23)c(N)n(Cc2ccccc2)c1=O,
3.4053135,6.6226897,Cn1cc(-c2nnnn2-c2cccc(C(F)(F)F)c2)c(C(F)(F)F)n1,
1.489545,5.569864,O=C(Nc1ccc(Cl)cc1F)c1ccc(COc2c(F)c(F)c(F)c(F)c2F)o1,
3.1891174,6.9801326,CC(C)NC(=O)C1C(c2ccc(C(F)(F)F)cc2)=Nc2ccccc2N1C(=O)c1cccc(C(F)(F)F)c1,
3.0316606,7.346706,Cn1c(=O)c2c(nc(SCC(=O)Nc3ccc(OC(F)(F)F)cc3)n2Cc2cccc(C(F)(F)F)c2)n(C)c1=O,
3.21662,7.493829,O=C(Nc1cccc(-c2csc(Nc3cccc(C(F)(F)F)c3)n2)c1)c1cc([N+](=O)[O-])cc(C(F)(F)F)c1,
2.1539168,6.8647776,CN(C)/C=C/C(=C\C(=O)C(F)(F)F)Nc1ccc(C(F)(F)F)cc1,
3.1909935,4.406198,CN(C)c1ccc(N/C(N)=N/c2nc(C(F)(F)F)cc(C(F)(F)F)n2)cc1,
-1.2767555,5.721817,CC(C)OC(=O)NC(Nc1ccccc1C(=O)O)(C(F)(F)F)C(F)(F)F,
2.4795504,6.9297495,CC(=O)N1CCN(C(=O)CNc2cc(C(F)(F)F)ccc2OCC(F)(F)F)CC1,
3.1786845,6.907308,CCCCNC(=O)C1C(c2ccc(C(F)(F)F)cc2)=Nc2ccccc2N1C(=O)c1cccc(C(F)(F)F)c1,
3.3336124,6.63311,CCCCNC(=O)c1nc(-c2cccc(C(F)(F)F)c2)oc1-c1ccc(OC(F)(F)F)cc1,
-1.2286707,4.866327,CCSc1nnc(NC(=O)NC(C)(C(F)(F)F)C(F)(F)F)s1,
-1.0493741,5.86453,CCOC(=O)C(NC(=O)Nc1cccc(C)n1)(OCC(F)(F)F)C(F)(F)F,
8.127541,2.9396205,O=C1NC[C@H](c2ccccc2)N(CCc2cc(C(F)(F)F)cc(C(F)(F)F)c2)C1=O,
9.301799,7.7509403,O=C(c1ccco1)N1CCC2(CC1)CN(Cc1cc(C(F)(F)F)cc(C(F)(F)F)c1)C2,0.0
8.074505,11.841502,COc1ccc(CNC(=O)C2CC(c3cc(C(F)(F)F)cc(C(F)(F)F)c3)=NO2)cc1,
2.8860838,3.5771902,COc1cccc(C(=O)NC(=O)Nc2ccc(-n3nc(C(F)(F)F)cc3C(F)(F)F)cc2)c1,
2.854976,3.6067677,COc1ccccc1C(=O)NC(=O)Nc1ccc(-n2nc(C(F)(F)F)cc2C(F)(F)F)cc1,
2.8759372,3.5977092,Cc1cccc(C(=O)NC(=O)Nc2ccc(-n3nc(C(F)(F)F)cc3C(F)(F)F)cc2)c1,
2.8656251,3.619999,Cc1ccccc1C(=O)NC(=O)Nc1ccc(-n2nc(C(F)(F)F)cc2C(F)(F)F)cc1,
9.194055,7.070998,O=C(c1cc(C(F)(F)F)cc(C(F)(F)F)c1)N1CCC2(CCCN(Cc3nccs3)C2)CC1,0.0
0.6672524,5.527654,CCOC(=O)c1c(N)sc(C(O)(C(F)(F)F)C(F)(F)F)c1-c1ccc(F)cc1,
-1.3014783,5.126462,CCSc1nnc(NC(NC(=O)c2ccco2)(C(F)(F)F)C(F)(F)F)s1,
2.681538,6.828066,C[C@]12CCC3[C@@H](CC[C@H]4NC(=O)C=C[C@]34C)[C@@H]1CCC2C(=O)Nc1cc(C(F)(F)F)ccc1C(F)(F)F,
3.605556,5.5548873,N#CCC(CNc1ncc(C(F)(F)F)cc1Cl)OC(=O)c1cccc(C(F)(F)F)c1,
2.7499633,5.576644,CC1(C)OC(C(O)(c2cc(F)c(F)c(F)c2)c2cc(F)c(F)c(F)c2)C(C(O)(c2cc(F)c(F)c(F)c2)c2cc(F)c(F)c(F)c2)O1,0.0
2.3227522,6.027868,N/C(=N\OC(=O)CCn1cccc(C(F)(F)F)c1=O)c1ccc(OC(F)(F)F)cc1,
3.0014834,7.2417707,Cc1nc(C(F)(F)F)c(C(=O)Sc2cccc(C(F)(F)F)c2)s1,
1.0726209,4.4127374,CC1=NN(C(=O)c2ccc(C)cc2)C(O)(C(F)(F)OC(F)(F)F)C1,
3.919256,7.5045133,FC(F)(F)c1cc(NC(=S)Nc2ccc3ccccc3c2)cc(C(F)(F)F)c1,
1.4340243,5.536752,Cc1nn(-c2ccc(F)cc2)c(Cl)c1/C=C/C(=O)OCC(=O)Nc1c(F)c(F)c(F)c(F)c1F,
3.9305167,3.5462081,Fc1ccc(N2CCN(c3ccc4c(C(F)(F)F)cc(C(F)(F)F)nc4n3)CC2)cc1,
9.375453,6.6391897,CC(C)NC(=O)N1CC2(CCN(C(=O)c3cc(C(F)(F)F)cc(C(F)(F)F)c3)CC2)C1,0.0
0.54077274,1.5504411,COc1ccc(-n2c3c(c(=O)[nH]c2=O)C(C(F)(F)F)(C(F)(F)F)N=C(CC(C)C)N3)cc1,
1.2116731,6.827442,O=C(Nc1ccc(OCC(F)(F)C(F)F)c(C(F)(F)F)c1)c1ccccc1O,
1.9117142,3.8472028,CNc1nc(OCC(F)(F)F)nc(OCC(F)(F)F)n1,
0.8735087,4.686829,O=C(NCCCCCCCCCNC(=O)C(F)(F)F)C(F)(F)F,
1.5030643,4.280113,FC(F)(F)C(F)(F)C(F)(F)c1nnc2ccc(N3CCOCC3)nn12,
4.0658307,5.4724226,O=C(NCC(F)(F)F)c1[nH]c(C(F)(F)F)nc1-c1ccccc1,
2.7726781,4.4935136,CCCc1ccc2c(C(F)(F)F)cc(C(F)(F)F)cc2n1,
2.6743383,6.8461566,C[C@]12CC[C@H]3[C@@H](CC[C@H]4NC(=O)C=C[C@]34C)[C@@H]1CC[C@@H]2C(=O)Nc1cc(C(F)(F)F)ccc1C(F)(F)F,
3.3956468,7.3321095,FC(F)(F)c1cccc(NC(=S)NNC(=S)Nc2cccc(C(F)(F)F)c2)c1,
3.222989,6.142506,CNc1nc(Sc2cccc(C(F)(F)F)c2)cc(C(F)(F)F)n1,
8.14738,11.71517,O=C(NCc1cc(C(F)(F)F)cc(C(F)(F)F)c1)C12CN(Cc3ccccc3)CC1C(c1cccc([N+](=O)[O-])c1)=NO2,
3.4103749,7.1356463,Nc1nc(Nc2cccc(C(F)(F)F)c2)nc(C(F)(F)F)n1,
-0.917325,5.478075,O=C(NC(Nc1nc2ccc([N+](=O)[O-])cc2s1)(C(F)(F)F)C(F)(F)F)c1ccccc1,
3.3714416,6.3707714,FC(F)(F)c1cccc(Sc2nc(-c3ccccc3)nnc2C(F)(F)F)c1,
1.1350932,6.5259843,O=C(OCC(F)(F)C(F)F)c1ccccc1C(=O)Oc1ccc(F)cc1F,
7.710595,3.9418995,N#Cc1ccc(C23CC4(C2)[C@@H](c2ccccc2)N(Cc2ccc(C(F)(F)F)cc2)C[C@@H]4C3c2ccc(C(F)(F)F)cc2)cc1,
8.164567,11.749529,O=C(NCc1cc(C(F)(F)F)cc(C(F)(F)F)c1)C1CC(c2ccccc2[N+](=O)[O-])=NO1,
0.5905293,2.2802072,CC1(C)CC(=O)C2=C(C1)N(c1cccc(Cl)c1)C(=O)NC2(C(F)(F)F)C(F)(F)F,
1.2219406,-2.8153946,Cc1cc(F)ccc1-c1cc(C(=O)NCc2cc(C(F)(F)F)cc(C(F)(F)F)c2)[nH]n1,
9.326508,7.6041236,O=C(c1cccc(F)c1)N1CCC2(CCCN(Cc3cc(C(F)(F)F)cc(C(F)(F)F)c3)C2)CC1,0.0
9.022335,6.6341825,O=C(c1cc(C(F)(F)F)cc(C(F)(F)F)c1)N1CCC2(CCCN(c3ccccn3)C2)CC1,0.0
4.390017,7.4718204,O=C(O)CC1(CC(=O)Nc2cc(C(F)(F)F)cc(C(F)(F)F)c2)CCCCC1,
1.4114605,6.733246,O=C(CSc1nc(-c2cccs2)cc(C(F)(F)F)n1)Nc1cc(OCC(F)(F)F)cc([N+](=O)[O-])c1,
1.4127408,6.6493225,O=C(CSc1nc(-c2cccs2)cc(C(F)(F)F)n1)Nc1cc(OCC(F)(F)C(F)F)cc([N+](=O)[O-])c1,
9.10694,7.8991637,O=C(Oc1ccccc1)N1CCC[C@@]2(CCN(Cc3cc(C(F)(F)F)cc(C(F)(F)F)c3)C2)C1,0.0
9.292823,7.6929536,COc1ccc(C(=O)N2CCC3(CCN(Cc4cc(C(F)(F)F)cc(C(F)(F)F)c4)CC3)CC2)cc1,0.0
9.187827,7.9319506,CC(=O)N1CCC[C@@]2(CCN(Cc3cc(C(F)(F)F)cc(C(F)(F)F)c3)C2)C1,0.0
-0.76343197,4.644746,CCC(NC(=O)Nc1cc(OC)c(OC)c(OC)c1)(C(F)(F)F)C(F)(F)F,
4.2907543,7.375587,O=C(Cc1ccc(S(=O)(=O)N2CCOCC2)s1)Nc1cc(C(F)(F)F)cc(C(F)(F)F)c1,
3.3264804,3.198999,CC(C)Cn1c(N)c(C(=O)COC(=O)c2cc(C(F)(F)F)nc3c(C(F)(F)F)cccc23)c(=O)n(C)c1=O,
3.332318,3.1861806,Cn1c(N)c(C(=O)COC(=O)c2cc(C(F)(F)F)nc3c(C(F)(F)F)cccc23)c(=O)n(C)c1=O,
0.3596841,5.119397,COc1cccc(C(=O)NN/C(C)=C/C(=O)C(F)(F)C(F)(F)C(F)(F)F)c1,
1.8088135,3.50841,Cc1ccc(Nc2nc(OC(C(F)(F)F)C(F)(F)F)nc(N3CCOCC3)n2)cc1,
-0.36163208,5.1702228,CC(NC(=O)Nc1cccc([N+](=O)[O-])c1)(C(F)(F)F)C(F)(F)F,
3.234987,7.3646703,O=C(CCn1cccc(C(F)(F)F)c1=O)Nc1cccc(C(F)(F)F)c1,
3.3233917,6.4908423,FC(F)(F)c1cccc(Cn2c3[n+](c4ccc(C(F)(F)F)cc42)CCCCC3)c1,
8.159447,2.9027803,O=C1NC[C@@H](Cc2cccc3ccccc23)N(CCc2cc(C(F)(F)F)cc(C(F)(F)F)c2)C1=O,
3.912864,3.58583,FC(F)(F)c1cc(C(F)(F)F)c2ccc(N3CCN(c4ccccc4)CC3)nc2n1,
3.8903747,3.5663292,FC(F)(F)c1cc(C(F)(F)F)c2ccc(N3CCOCC3)nc2n1,
3.8157196,3.574739,NNc1ccc2c(C(F)(F)F)cc(C(F)(F)F)nc2n1,
1.2450528,4.9829206,[O-][n+]1ccc(CC(O)(C(F)(F)F)C(F)(F)F)cc1,
8.099418,11.81286,O=C(NCc1ccccc1C(F)(F)F)C1CC(c2ccc(C(F)(F)F)cc2)=NO1,
8.116919,11.797589,O=C(NCc1ccccc1C(F)(F)F)C1CC(c2cc(C(F)(F)F)cc(C(F)(F)F)c2)=NO1,
8.087362,11.828799,Cc1ccc(CCNC(=O)C2CC(c3cc(C(F)(F)F)cc(C(F)(F)F)c3)=NO2)cc1,
1.129359,4.466669,CC1=NN(C(=O)c2ccc(Br)cc2)C(O)(C(F)(F)OC(F)(F)F)C1,
2.7052786,4.7908473,FC(F)(F)c1cc(Cl)c2nc(-c3ccco3)c(Cc3ccccc3C(F)(F)F)n2c1,
2.3537898,6.2115593,O=C(COC(=O)C(O)C(O)C(=O)OCC(=O)c1ccc(C(F)(F)F)cc1)c1ccc(C(F)(F)F)cc1,
0.8673405,6.2397633,Cc1ccc(NC(=O)CC(O)(C(F)(F)F)C(F)(F)F)c(Br)c1,
9.084077,6.611162,O=C(c1cc(C(F)(F)F)cc(C(F)(F)F)c1)N1CCC[C@@]2(CCN(c3ncccn3)C2)C1,0.0
9.324589,6.9638405,CC(C)CN1CCCC2(CCN(C(=O)c3cc(C(F)(F)F)cc(C(F)(F)F)c3)CC2)C1,
8.3225155,3.1853204,CCC(C)[C@H]1CNCCN1CCc1cc(C(F)(F)F)cc(C(F)(F)F)c1,
2.781807,6.9325514,O=C(CNC(=O)c1ccc(C(F)(F)F)cc1)OC(C(=O)Nc1cc(C(F)(F)F)ccc1Cl)c1ccccc1,
4.156566,6.934072,Cc1cc(OC(=O)c2cc(C(F)(F)F)cc(C(F)(F)F)c2)c([N+](=O)[O-])c(=O)[nH]1,
8.0014105,3.1501958,FC(F)(F)c1cc(CCN2C(=S)NC[C@@H]2c2ccccc2)cc(C(F)(F)F)c1,
2.4336016,7.5439916,Cn1nc(C(F)(F)F)c(-c2cccc(C(F)(F)F)c2)c1NC(=O)Nc1ccc(F)cc1,
8.158328,2.9642491,Oc1ccc(C[C@H]2CNC(=S)N2CCc2cc(C(F)(F)F)cc(C(F)(F)F)c2)cc1,
7.9389715,3.2347128,CN(C[C@H](Cc1ccccc1)N(C[C@H](Cc1ccccc1)N(CCc1cc(C(F)(F)F)cc(C(F)(F)F)c1)N=O)N=O)N=O,
1.371688,4.672471,FCOC(C(F)(F)F)C(F)(F)F,
0.55304694,1.7700803,O=C1Nc2c(c(=O)[nH]c(=O)n2-c2ccccc2F)C(C(F)(F)F)(C(F)(F)F)N1,
-1.2756015,5.3547096,Cc1cc(NC(NC(=O)c2ccco2)(C(F)(F)F)C(F)(F)F)no1,
1.1393337,6.439412,O=C(CCC(=O)OCC(F)(F)C(F)F)Nc1ccc(F)cc1F,
1.1746207,5.1631956,N#CC1=C(N)N(c2ccccc2F)C2=C(CCCCC2)C1(C(F)(F)F)C(F)(F)F,
2.7168918,3.9359667,Nc1cccnc1-n1nc(C(F)(F)F)cc1C(F)(F)F,
0.8369142,5.46098,Nc1ccc(C(O)(C(F)(F)F)C(F)(F)F)cc1,
0.72255385,-2.7771125,CCCCn1nc2cc(C(=O)NCc3cc(C(F)(F)F)cc(C(F)(F)F)c3)ccc2c1OCC,
4.35842,7.32319,CCC(C)(CC(=O)O)CC(=O)Nc1cc(C(F)(F)F)cc(C(F)(F)F)c1,
1.4830415,5.1437163,CCn1cnc2c(Nc3cc(F)cc(F)c3)nc(C(=O)COc3c(F)c(F)cc(F)c3F)nc21,
1.8590168,3.5832677,CCC(C)Nc1nc(OC(C(F)(F)F)C(F)(F)F)nc(OC(C(F)(F)F)C(F)(F)F)n1,
2.7150202,6.552564,O=C(NNC(=O)c1csc(-c2cnccc2C(F)(F)F)n1)c1ccc(C(F)(F)F)cc1,
-0.099287264,8.644745,O=C(NC[C@@H]1CCCCN1)c1cc(OCC(F)(F)F)ccc1OCC(F)(F)F,0.0
3.2463508,6.966198,Cc1noc(C(F)(F)F)c1C(=O)NNC(=O)c1cccc(C(F)(F)F)c1,
2.4513714,7.514216,Cn1nc(C(F)(F)F)c(-c2cccc(C(F)(F)F)c2)c1NC(=O)c1ccco1,
3.8890686,3.6048083,FC(F)(F)c1cc(C(F)(F)F)c2ccc(Oc3ccccc3)nc2n1,
0.52690053,4.0758557,Cc1ccc(/C=N/NC(=O)C(F)(F)C(F)(F)C(F)(F)C(F)(F)C(F)(F)C(F)(F)F)cc1,
-0.10629693,8.673511,O=C(NC[C@H]1CCCCN1)c1cc(OCC(F)(F)F)ccc1OCC(F)(F)F,0.0
8.133868,11.780159,O=C(NCc1cc(C(F)(F)F)cc(C(F)(F)F)c1)C1CC(c2cccc([N+](=O)[O-])c2)=NO1,
1.2415348,4.2118545,O=C1CC(C(F)(F)C(F)(F)C(F)(F)C(F)F)=Nc2ccccc2N1,
2.5467265,4.2533503,Cc1cc(C(F)(F)F)n2nc(-c3cnn(C)c3C(F)(F)F)c(Br)c2n1,
3.2414484,6.8663974,CCN1C(NCc2cccc(C(F)(F)F)c2)=N[C@@H](c2cccc(C(F)(F)F)c2)C(C(=O)OC)=C1C,
9.211207,7.9613547,COC(=O)N1CCC2(CCN(Cc3cc(C(F)(F)F)cc(C(F)(F)F)c3)CC2)CC1,0.0
0.052104224,8.937414,O=C(NCCNS(=O)(=O)c1ccc(Cl)cc1)c1cc(OCC(F)(F)F)ccc1OCC(F)(F)F,
4.0171065,6.305299,N#Cc1cccc(CS(=O)(=O)c2nnnn2-c2cc(C(F)(F)F)cc(C(F)(F)F)c2)c1,
2.6867144,4.029947,FC(F)(F)c1cc(C(F)(F)F)n2nc(-c3sccc3-n3cccc3)cc2n1,
9.482932,6.5042844,COc1ccc(NC(=O)N2CC3(CCN(C(=O)c4cc(C(F)(F)F)cc(C(F)(F)F)c4)CC3)C2)cc1,0.0
9.50316,6.4938064,COc1ccc(NC(=O)N2CC[C@@]3(CCCN(C(=O)c4cc(C(F)(F)F)cc(C(F)(F)F)c4)C3)C2)cc1,0.0
2.7870412,3.9158661,Oc1ccc(-c2c(-c3ccccc3)nn3c(C(F)(F)F)cc(C(F)(F)F)nc23)cc1,
3.897878,6.751001,Cc1ccc(-n2nnnc2CNC(=O)c2cc(C(F)(F)F)cc(C(F)(F)F)c2)cc1C,
1.0559119,4.8999877,Cn1c(SCC(=O)NCCNC(=O)CSc2nnc(C(F)(F)F)n2C)nnc1C(F)(F)F,
-0.77389467,4.617519,CCC(NC(=O)NC1=NCCS1)(C(F)(F)F)C(F)(F)F,
3.2112842,7.369653,Cc1oc2c(F)c(F)c(F)c(F)c2c1S(=O)(=O)Nc1cccc(C(F)(F)F)c1,
8.1216345,2.9503102,O=C1NC[C@H](Cc2ccccc2)N(CCc2cc(C(F)(F)F)cc(C(F)(F)F)c2)C1=O,
0.5261784,1.4892464,O=c1[nH]c(=O)n(Cc2ccco2)c2c1C(C(F)(F)F)(C(F)(F)F)N=C(CCc1ccccc1)N2,
-1.4834316,5.676107,Cc1ccnc(NC(NC(=O)C(C)C)(C(F)(F)F)C(F)(F)F)c1,
2.4960735,6.9299817,COCCOc1ccc(C(F)(F)F)cc1NC(=O)c1ccc(C(F)(F)F)cc1,
2.4221067,6.2438445,O=C(CCC(=O)OCC(=O)c1ccc(C(F)(F)F)cc1)OCC(=O)c1ccc(C(F)(F)F)cc1,
1.3073312,4.2878838,FC(F)C(F)(F)C(F)(F)C(F)(F)c1cc(-c2ccccc2)n[nH]1,
9.189449,7.9487886,CC(=O)N1CCC2(CCCN(Cc3cc(C(F)(F)F)cc(C(F)(F)F)c3)C2)CC1,0.0
1.8263305,4.8944244,Fc1ccc2cnc(-c3ccccc3)c(-c3cc(C(F)(F)F)cc(C(F)(F)F)c3)c2c1,
3.7552764,5.446927,O=C(CN1CCN(c2ncc(C(F)(F)F)cc2Cl)CC1)N1CCN(c2ncc(C(F)(F)F)cc2Cl)CC1,
-1.4411862,5.649705,CCC(=O)NC(Nc1cc(C)cc(C)n1)(C(F)(F)F)C(F)(F)F,
3.9321318,3.5488558,Cc1ccc(/C=N/Nc2ccc3c(C(F)(F)F)cc(C(F)(F)F)nc3n2)cc1,
9.269185,7.8073044,Cc1noc(C)c1C(=O)N1CCC2(CC1)CN(Cc1cc(C(F)(F)F)cc(C(F)(F)F)c1)C2,0.0
9.177533,7.630091,COc1ccc(C(=O)N2CCC[C@@]3(CCN(Cc4cc(C(F)(F)F)cc(C(F)(F)F)c4)C3)C2)cc1,0.0
2.4774346,6.9511023,O=C(Nc1ccc(Br)c(C(F)(F)F)c1)c1ccc(C(F)(F)F)cc1,
3.3421018,3.086031,O[C@H](c1cc(C(F)(F)F)nc2c(C(F)(F)F)cccc12)[C@H]1CCCCN1,0.0
0.5549805,5.7431183,CC(C)OC(=O)N(C)c1ccc(C(O)(C(F)(F)F)C(F)(F)F)cc1,
3.3072617,7.344515,CN(C(=O)/C(=N/Nc1cccc(C(F)(F)F)c1)C(=O)C(F)(F)F)c1ccccc1,
8.195279,2.9016027,O=C1NC[C@@H](Cc2ccc(O)cc2)N(CCc2cc(C(F)(F)F)cc(C(F)(F)F)c2)C1=O,
3.9549358,7.0227532,O=C(Nc1cc(C(F)(F)F)cc(C(F)(F)F)c1)c1ccc(Cn2cc(C(F)(F)F)ccc2=O)cc1,
-1.3387537,5.386495,NC(=O)c1c(NC(NC(=O)c2ccco2)(C(F)(F)F)C(F)(F)F)sc2c1CCCC2,
-0.7883189,5.2451696,CCC1(COC(NC(=O)c2cccnc2)(C(F)(F)F)C(F)(F)F)COC1,
2.742063,3.9202054,ONc1cccnc1-n1nc(C(F)(F)F)cc1C(F)(F)F,
3.9929175,3.5011392,Cc1ccc(C(C#N)c2ccc3c(C(F)(F)F)cc(C(F)(F)F)nc3n2)cc1,
2.5643253,6.9221053,O=C(CC1Sc2ccc(C(F)(F)F)cc2NC1=O)Nc1ccc(Cl)c(C(F)(F)F)c1,
1.2252365,4.5229177,O=S(=O)(O)C(F)(F)C(F)(F)C(F)(F)C(F)(F)C(F)(F)C(F)(F)C(F)(F)C(F)(F)F,
1.6189383,4.5708776,CNP1(NC)=NC(C(F)(F)F)=NC(C(F)(F)F)=N1,
0.5674203,2.2237859,CC1=NC(C(F)(F)F)(C(F)(F)F)C2=C(CC(C)(C)CC2=O)N1Cc1ccco1,
2.0163722,7.273202,C[C@H]1CN([C@H](C)CO)C(=O)c2cc(NC(=O)Nc3ccc(C(F)(F)F)cc3)ccc2O[C@@H]1CN(C)C(=O)Nc1ccc(C(F)(F)F)cc1,
-1.4333845,5.688225,CCOC(=O)Cc1csc(NC(NC(=O)OCC)(C(F)(F)F)C(F)(F)F)n1,
2.3582277,4.366645,C=CCn1c(SCc2cccc(C(F)(F)F)c2)nnc1-c1csc(-n2nc(C)cc2C(F)(F)F)n1,
1.5587449,6.320349,O=C(CCS(=O)(=O)c1nc(-c2cccs2)cc(C(F)(F)F)n1)Nc1ccc(OC(F)(F)F)cc1,
1.8337903,3.5274227,COc1nc(Nc2ccc(O)cc2)nc(OC(C(F)(F)F)C(F)(F)F)n1,
9.451452,6.429793,O=C(Nc1ccccc1)N1CC2(CCN(C(=O)c3cc(C(F)(F)F)cc(C(F)(F)F)c3)CC2)C1,0.0
-0.035848893,8.710734,O=C(NO)c1cc(OCC(F)(F)F)ccc1OCC(F)(F)F,
1.114726,4.1658163,O=C1NC(C(F)(F)F)(C(F)(F)F)N=C2SC=CN12,
-0.70312095,5.1985307,CC(=O)C(C(C)=O)C(NC(=O)c1cccnc1)(C(F)(F)F)C(F)(F)F,
1.9559951,5.697245,O=C(CSc1nc(=O)c2c(C(F)(F)F)cc(-c3cccs3)nc2[nH]1)C(F)(F)F,
9.2338915,7.833152,O=C(c1cnccn1)N1CCC[C@@]2(CCN(Cc3cc(C(F)(F)F)cc(C(F)(F)F)c3)C2)C1,0.0
3.2448342,6.949182,COC(=O)C1=C(C)N(Cc2ccccc2)C(NCc2cccc(C(F)(F)F)c2)=N[C@H]1c1cccc(C(F)(F)F)c1,
9.341654,6.7499638,CC(C)NC(=O)N1CCC2(CC1)CCN(C(=O)c1cc(C(F)(F)F)cc(C(F)(F)F)c1)CC2,0.0
3.0384748,7.5541077,O=C(COc1ccc(C(F)(F)F)cc1[N+](=O)[O-])Nc1cccc(C(F)(F)F)c1,
0.60507303,2.2667477,CC1(C)CC(=O)C2=C(C1)N(c1ccc(F)cc1)C(=O)NC2(C(F)(F)F)C(F)(F)F,
-0.37734482,4.81303,CC(NC(=O)NCCCC(=O)O)(C(F)(F)F)C(F)(F)F,
-1.1879462,5.845369,CCOC(=O)NC(NCc1ccccc1)(C(F)(F)F)C(F)(F)F,
2.1180127,4.7088575,Nc1cc(OCC(F)(F)F)cc(OCC(F)(F)F)c1,
1.6374798,4.562147,NC(=O)c1ccc(OCC(F)(F)C(F)(F)C(F)(F)C(F)(F)C(F)(F)C(F)F)cc1,
-0.20249233,4.5230904,O=C(Nc1nccs1)C(F)(F)C(F)(F)C(F)(F)C(=O)Nc1nccs1,
8.111655,6.831763,CC(C)C[C@@H](COCc1ccc(C(F)(F)F)cc1)N1CCN(C(=O)c2ccc(C(F)(F)F)cc2)CCC1=O,
2.7108183,8.040997,O=C(Nc1ccc(Cl)c(C(F)(F)F)c1)c1cc2nc(-c3ccc4c(c3)OCO4)cc(C(F)(F)F)n2n1,
1.7079008,6.630808,O=C(COc1c(F)c(F)c(C(F)(F)F)c(F)c1F)Nc1ccc(N2CCOCC2)c(Cl)c1,
2.8804257,7.510934,COc1cc(/C=C(\C#N)C(=O)Nc2nnc(C(F)(F)F)s2)ccc1OCc1ccc(C(F)(F)F)cc1C(F)(F)F,
0.013042739,8.752735,CNC(=O)c1cc(OCC(F)(F)F)ccc1OCC(F)(F)F,
3.7774622,6.698002,Cc1cc2ccccc2n1CCNC(=O)c1cc(C(F)(F)F)cc(C(F)(F)F)c1,
-1.4155524,5.668268,CCC(=O)NC(Nc1cc(C)ccn1)(C(F)(F)F)C(F)(F)F,
4.081483,7.158869,O=C(Nc1cc(C(F)(F)F)cc(C(F)(F)F)c1)c1cccn(Cc2ccccc2Cl)c1=O,
-0.529262,4.9258156,CC(NC(=O)NCc1cccnc1)(C(F)(F)F)C(F)(F)F,
3.944942,3.5775402,Oc1ccc(Oc2ccc3c(C(F)(F)F)cc(C(F)(F)F)nc3n2)cc1,
9.002456,7.9457293,O=S(=O)(c1ccccc1)N1CCC[C@@]2(CCN(Cc3cc(C(F)(F)F)cc(C(F)(F)F)c3)C2)C1,0.0
9.302195,7.3462377,N#Cc1ccc(CN2CCCC3(CCN(C(=O)c4cc(C(F)(F)F)cc(C(F)(F)F)c4)CC3)C2)cc1,0.0
1.8097274,3.5110884,FC(F)(F)C(Oc1nc(Nc2ccc(Cl)cc2)nc(N2CCOCC2)n1)C(F)(F)F,
2.4048429,7.2275763,Cn1nc(C(F)(F)F)c(C(=O)Nc2ccc(F)cc2F)c1Sc1ccc(C(F)(F)F)cc1,
2.0243433,7.254486,C[C@H]1CN([C@H](C)CO)C(=O)c2cccc(NC(=O)Nc3ccc(C(F)(F)F)cc3)c2O[C@@H]1CN(C)C(=O)Nc1ccc(C(F)(F)F)cc1,
3.0791233,7.3022423,Cc1ccc(C(=O)Nc2cccc(C(F)(F)F)c2)cc1NC(=O)c1c[nH]c2cc(C(F)(F)F)ccc2c1=O,
9.5113535,6.469903,O=C(Nc1ccccc1)N1CCCC2(CCN(C(=O)c3cc(C(F)(F)F)cc(C(F)(F)F)c3)CC2)C1,0.0
1.3403704,5.4136114,COc1cc(/C=C/C(=O)NNc2c(F)c(F)cc(F)c2F)ccc1OC(F)F,
1.3229463,4.797324,O=C1C(SC(F)(F)C(F)F)=C(C(F)(F)F)OC2C3C=CC(C3)C12,
1.7200769,5.9081297,COc1ccc(-c2cc(C(F)(F)F)nc(S(=O)(=O)CCCC(=O)Nc3ccccc3C(F)(F)F)n2)cc1OC,
-0.0454536,8.693708,C#CCONC(=O)c1cc(OCC(F)(F)F)ccc1OCC(F)(F)F,
0.03366288,8.875256,CS(=O)(=O)NCCNC(=O)c1cc(OCC(F)(F)F)ccc1OCC(F)(F)F,
9.177668,7.982675,COCC(=O)N1CCC2(CC1)CN(Cc1cc(C(F)(F)F)cc(C(F)(F)F)c1)C2,
3.7401996,5.4593587,FC(F)(F)c1cccc(CON=C2CCN(c3ncc(C(F)(F)F)cc3Cl)CC2)c1,
1.2488772,5.929733,O=C(NC(=O)c1c(F)cccc1F)Nc1cc(Cl)c(OC(F)(F)C(F)C(F)(F)F)cc1Cl,
8.13264,2.9759603,FC(F)(F)c1cc(CCN2C(=S)NC[C@@H]2CC2CCCCC2)cc(C(F)(F)F)c1,
8.047716,2.9504352,NC1=NC[C@H](Cc2ccccc2)N1CCc1cc(C(F)(F)F)cc(C(F)(F)F)c1,
4.384501,7.3952327,O=C(CCn1cnnn1)Nc1cc(C(F)(F)F)cc(C(F)(F)F)c1,
-0.12695433,3.1847692,O=C(c1cccnc1)N1C2C=CC(C2)C1(C(F)(F)F)C(F)(F)F,
3.4142697,6.3193927,FC(F)(F)Oc1ccccc1-c1nnc(-c2cccc(C(F)(F)F)c2)o1,
0.5289181,4.0842457,CCn1nc(C)c(/C=N/NC(=O)C(F)(F)C(F)(F)C(F)(F)C(F)(F)C(F)(F)C(F)(F)F)c1C,
1.995333,5.8173885,O=C(CC(=O)Nc1ccccc1C(F)(F)F)Nc1ccccc1C(F)(F)F,
-0.010239815,4.7357574,O=C(Nc1ccccn1)NC(C(F)(F)F)C(F)(F)F,
9.120061,8.011453,FC(F)(F)c1cc(CN2CCCC3(CCNCC3)C2)cc(C(F)(F)F)c1,0.0
3.2805665,7.005745,O=C(NNc1ccccc1Cl)C(O)(c1cccc(C(F)(F)F)c1)c1cccc(C(F)(F)F)c1,
9.222212,6.8442335,CN1CCC2(CC1)CCN(C(=O)c1cc(C(F)(F)F)cc(C(F)(F)F)c1)CC2,0.0
-1.2507732,5.8182836,CCOC(=O)NC(NCCc1ccccc1)(C(F)(F)F)C(F)(F)F,
2.2542872,5.3152347,O=S(=O)(c1ccccc1C(F)(F)F)N1CCN(S(=O)(=O)c2ccccc2C(F)(F)F)CC1,
8.323584,3.1793456,C[C@@H](O[C@H]1OCCN(CC2=NC(=O)N=N2)[C@H]1C1CCC(F)CC1)c1cc(C(F)(F)F)cc(C(F)(F)F)c1,
1.8611811,5.804503,O=C(CSc1nc(-c2ccco2)cc(C(F)(F)F)n1)Nc1ccccc1C(F)(F)F,
1.2194476,-2.8167026,Cc1ccc(F)cc1-c1cc(C(=O)NCc2cc(C(F)(F)F)cc(C(F)(F)F)c2)[nH]n1,
4.0715985,7.1084805,CC(=O)N[C@@H](Cc1c[nH]c2ccccc12)C(=O)OCc1cc(C(F)(F)F)cc(C(F)(F)F)c1,1.0
3.369283,7.3895173,FC(F)(F)c1cccc(NC(=S)Nc2cccc(NC(=S)Nc3cccc(C(F)(F)F)c3)n2)c1,
3.3190336,7.421186,O=C(/C(=N/Nc1cccc(C(F)(F)F)c1)C(=O)C(F)(F)F)c1cccs1,
9.536456,6.439192,O=C(Nc1cccc(F)c1)N1CC2(CCN(C(=O)c3cc(C(F)(F)F)cc(C(F)(F)F)c3)CC2)C1,0.0
1.4881834,5.5629544,Cc1nn(Cc2c(F)c(F)c(F)c(F)c2F)c(C)c1NC(=O)c1ccc(COc2ccc(F)cc2)o1,
9.544947,6.4390917,O=C(Nc1cccc(F)c1)N1CCCC2(CCN(C(=O)c3cc(C(F)(F)F)cc(C(F)(F)F)c3)CC2)C1,0.0
-1.0846994,4.7320886,CCSc1nnc(NC(=O)NC(CC)(C(F)(F)F)C(F)(F)F)s1,
1.8947566,3.7456882,CCC(C)Nc1nc(OCC(F)(F)F)nc(OCC(F)(F)F)n1,
2.4928846,5.587887,O=c1[nH]c2cc(C(F)(F)F)ccc2n1-c1cc(C(F)(F)F)ccc1O,1.0
3.4607706,3.7174597,O=c1[nH][nH]c2nc(C(F)(F)F)cc(C(F)(F)F)c12,
2.6639,4.1638465,CC(C)c1cc(C(F)(F)F)nc(NNc2nc(C(C)C)cc(C(F)(F)F)n2)n1,0.0
-0.87935704,4.7699766,CC(NC(=O)Nc1nnc(C(F)(F)F)s1)(C(F)(F)F)C(F)(F)F,
3.3671508,6.3294787,O=c1oc(-c2cccc(C(F)(F)F)c2)nn1-c1ccc(C(F)(F)F)cn1,
9.185443,7.975069,CC(=O)N1CCC2(CCN(Cc3cc(C(F)(F)F)cc(C(F)(F)F)c3)CC2)CC1,0.0
0.47934565,1.4418555,O=c1[nH]c(=O)n(Cc2ccccc2)c2c1C(C(F)(F)F)(C(F)(F)F)N=C(c1ccco1)N2,
0.09586335,8.795044,O=C(NCCNC(=O)c1cc(OCC(F)(F)F)ccc1OCC(F)(F)F)Nc1ccc(OC(F)(F)F)cc1,
0.6842469,-2.740963,COCCn1nc2cc(C(=O)NCc3cc(C(F)(F)F)cc(C(F)(F)F)c3)ccc2c1OC,
9.17505,7.8962736,CC(=O)N1CCC2(CC1)CN(Cc1cc(C(F)(F)F)cc(C(F)(F)F)c1)C2,0.0
-1.2177289,4.8309736,CCSc1nnc(NC(=O)C(C(F)(F)F)C(F)(F)F)s1,
0.59295577,2.2814898,Cc1ccc(N2C(=O)NC(C(F)(F)F)(C(F)(F)F)C3=C2CC(C)(C)CC3=O)cc1,
9.242641,7.40151,O=C(c1cc(C(F)(F)F)cc(C(F)(F)F)c1)N1CCC[C@@]2(CCN(Cc3ccncc3)C2)C1,1.0
2.9509556,6.007925,O=C(NNS(=O)(=O)c1ccccc1C(F)(F)F)c1cc2ncc(C(F)(F)F)cc2s1,
2.796095,5.184558,Nc1c(-c2ccc(Cl)cc2)cnn1-c1cc(C(F)(F)F)cc(C(F)(F)F)c1,
9.045952,6.636476,O=C(c1cc(C(F)(F)F)cc(C(F)(F)F)c1)N1CCC[C@@]2(CCN(c3ccccn3)C2)C1,0.0
2.41993,5.180729,O=c1cc(C(F)(F)F)[nH]c(-c2ccccc2OC(F)(F)F)n1,
-0.23463768,8.842044,COc1cccc(/C=N\NC(=O)c2cc(OCC(F)(F)F)ccc2OCC(F)(F)F)c1,
8.258648,3.1877618,FC(F)(F)c1cc(CCN2CCNC[C@@H]2CC2CCCCC2)cc(C(F)(F)F)c1,
8.172612,3.2762134,FC(F)(F)c1cc(CCN2CCNC[C@@H]2c2ccccc2)cc(C(F)(F)F)c1,
-0.25856543,4.8295717,Cc1cc(NC(=O)NC(C(F)(F)F)C(F)(F)F)no1,
2.6004834,6.555907,COC(=O)c1cnc(NNS(=O)(=O)c2ccc(C(F)(F)F)cc2)nc1C(F)(F)F,
4.3764753,7.428603,CCCCn1c(SCC(=O)Nc2cc(C(F)(F)F)cc(C(F)(F)F)c2)nnc1C(CC)N(C)C,
1.6229882,6.4060917,Cc1nc(C(F)(F)F)c(C(=O)NC(=O)Nc2ccc(OC(F)(F)F)cc2)s1,
-0.6923691,4.596065,CCC(NC(=O)Nc1nccs1)(C(F)(F)F)C(F)(F)F,
1.489806,4.7864637,OC1(C(F)(F)F)CC(O)(C(F)(F)F)N2NC(c3ccccc3)=CC2=N1,
3.112884,5.243891,O=c1c(-c2ncc(C(F)(F)F)cc2Cl)c[nH]c2c(F)c(F)c(F)cc12,
1.4468908,5.9211855,COC(=O)C1=C(c2ccc(Cl)c(C(F)(F)F)c2)C[C@@H]2CC[C@H]1N2C(=O)NCc1cc(C)oc1C(F)(F)F,
0.880012,4.742195,O=C(Nc1cc(OC(=O)C(F)(F)F)c2nonc2c1OC(=O)C(F)(F)F)C(F)(F)F,
3.3566208,3.0653894,CC(C)(C)NCCC(O)c1cc(C(F)(F)F)nc2c(C(F)(F)F)cccc12,
1.7180953,6.220676,O=C(/C=C/Nc1ccc(OC(F)(F)F)cc1)C(F)(F)F,
0.5447915,1.5533688,O=c1[nH]c(=O)n(-c2ccccc2)c2c1C(C(F)(F)F)(C(F)(F)F)N=C(C1CCCCC1)N2,
0.52012265,4.8033295,CC(=O)c1sc(NC(=O)C2(F)C(F)(F)C(F)(F)C(F)(F)C(F)(F)C2(F)F)nc1C,
-0.053948548,8.69436,C=CCONC(=O)c1cc(OCC(F)(F)F)ccc1OCC(F)(F)F,
0.54270166,4.1072135,Cc1nn(C)c(C)c1/C=N/NC(=O)C(F)(F)C(F)(F)C(F)(F)C(F)(F)C(F)(F)C(F)(F)F,
-0.07565704,8.704939,O=C(NC1CC1)c1cc(OCC(F)(F)F)ccc1OCC(F)(F)F,
0.9888711,4.8631344,O=C(O)CNC(=O)[C@H]1NC(C(F)(F)F)(C(F)(F)F)OC1(C(F)(F)F)C(F)(F)F,0.0
1.6697357,6.5995674,CCC(C)c1ccc(NC(=O)COc2c(F)c(F)c(C(F)(F)F)c(F)c2F)cc1,
3.8217773,6.224917,O=S(=O)(c1ccc(OC(F)(F)F)cc1)N1CCC(O)(c2cccc(C(F)(F)F)c2)CC1,
9.03535,6.63264,O=C(c1cc(C(F)(F)F)cc(C(F)(F)F)c1)N1CCC2(CC1)CN(c1ncccn1)C2,0.0
1.3418425,4.782432,O=P(CCC(F)(F)F)(CCC(F)(F)F)CCC(F)(F)F,
1.1551123,6.54701,Cc1ccc(NC(=O)OCC(F)(F)C(F)F)cc1NC(=O)OCC(F)(F)C(F)F,
2.739861,3.902633,O=C(NC(=S)Nc1ccccc1Cl)c1cnn2c(C(F)(F)F)cc(C(F)(F)F)nc12,
2.823811,5.285914,O=C1C=C(c2cc(C(F)(F)F)cc(C(F)(F)F)c2)C[C@@H](c2ccc3c(c2)OCO3)C1,
2.7321186,8.004887,Cc1ccc(-c2cc(C(F)(F)F)n3nc(C(=O)Nc4ccc(Cl)c(C(F)(F)F)c4)cc3n2)cc1,
-0.2836244,5.208093,COc1ccc(NS(=O)(=O)c2ccc(NC(=O)C(C)(C(F)(F)F)C(F)(F)F)cc2)nn1,
2.7469082,3.945831,Nc1ccc(-n2nc(C(F)(F)F)cc2C(F)(F)F)cc1,
-0.77792203,5.6239834,O=C(NC(Nc1ncc(S(=O)(=O)c2ccc([N+](=O)[O-])cc2)s1)(C(F)(F)F)C(F)(F)F)c1ccc(Cl)cc1,
-1.1170472,5.8003883,CCOC(=O)NC(C(F)(F)F)(C(F)(F)F)P(=O)(c1ccccc1)c1ccccc1,
2.5716505,5.441496,O=C1c2ccccc2C2(c3cc(C(F)(F)F)cc(C(F)(F)F)c3)NCCN12,
3.1797452,7.2908187,O=C(/C=C/Nc1cccc(C(F)(F)F)c1)C(F)(F)F,
3.5992692,6.215117,Cc1nc(-c2cc(-c3nc(-c4cc(C(F)(F)F)cc(C(F)(F)F)c4)no3)no2)cs1,
-0.43204957,4.7569566,CC(NC(=O)NCCCn1ccnc1)(C(F)(F)F)C(F)(F)F,
1.2375914,4.2148585,CC1=NC(C(F)(F)F)(C(F)(F)F)C(C#N)=C(C)N1,
-1.3986403,5.729723,CCOC(=O)NC(Nc1cc(C)ccn1)(C(F)(F)F)C(F)(F)F,
1.7230345,5.9111733,O=C(CCS(=O)(=O)c1nc(-c2ccc3c(c2)OCO3)cc(C(F)(F)F)n1)Nc1ccccc1C(F)(F)F,
3.8918455,3.5589669,FC(F)(F)c1cc(C(F)(F)F)c2ccc(N3CCN(c4ncccn4)CC3)nc2n1,
2.2330174,4.707623,FC(F)(F)c1nc(Sc2ncccc2C(F)(F)F)n[nH]1,
2.208869,4.6926885,FC(F)(F)c1ccnc(Sc2n[nH]c(C(F)(F)F)n2)c1,
4.1461377,7.517878,Nc1ccn([C@@H]2O[C@H](C(=O)Nc3cc(C(F)(F)F)cc(C(F)(F)F)c3)[C@@H](O)[C@H]2O)c(=O)n1,
1.1310498,5.083702,OC(Cc1cccc(C=NN2CCOCC2)n1)(C(F)(F)F)C(F)(F)F,
2.2263608,6.804866,C/C(=C\C(=O)C(F)(F)F)Nc1ccc(C(F)(F)F)cc1,
7.919297,3.1916003,CCC[C@H](CN[C@@H](CNC)[C@H](C)CC)NCCc1cc(C(F)(F)F)cc(C(F)(F)F)c1,
9.194956,7.9881635,COCC(=O)N1CCC2(CCN(Cc3cc(C(F)(F)F)cc(C(F)(F)F)c3)CC2)CC1,0.0
1.8533899,3.5445323,Nc1cccc(Nc2nc(OC(C(F)(F)F)C(F)(F)F)nc(OC(C(F)(F)F)C(F)(F)F)n2)c1,
3.3770907,3.036993,OC(c1cc(-c2ccc(C(F)(F)F)cc2)nc(C(F)(F)F)c1)C1CCCCN1,
2.4540403,7.51716,Cn1nc(C(F)(F)F)c(-c2cccc(C(F)(F)F)c2)c1NC(=O)c1nccnc1C(=O)O,
4.216169,7.4382815,O=C(Nc1cc(C(F)(F)F)cc(C(F)(F)F)c1)O[C@@H]1c2ccccc2[C@@H]2Cc3csc[n+]3[C@@H]21,
-0.36137763,5.011158,COc1cc(NC(=O)NC(C)(C(F)(F)F)C(F)(F)F)cc(OC)c1OC,
3.7188182,3.6237957,Nc1ccc2c(C(F)(F)F)cc(C(F)(F)F)nc2n1,
0.49977052,1.6128412,Cc1cccc(C2=NC(C(F)(F)F)(C(F)(F)F)c3c(n(-c4ccc(F)cc4)c(=O)[nH]c3=O)N2)c1,
-1.0396477,5.644029,CCOCCOC(NC(=O)c1ccccc1)(C(F)(F)F)C(F)(F)F,
4.042093,7.2027397,CNC(=O)c1cccn(Cc2cc(C(F)(F)F)cc(C(F)(F)F)c2)c1=O,
1.8023252,4.494462,Cc1cc(OCC(F)(F)C(F)(F)C(F)(F)C(F)F)nc(N)n1,
8.145477,11.769429,O=C(NCc1ccco1)C1CC(c2cc(C(F)(F)F)cc(C(F)(F)F)c2)=NO1,
9.279376,7.8146424,Cc1noc(C)c1C(=O)N1CCC[C@@]2(CCN(Cc3cc(C(F)(F)F)cc(C(F)(F)F)c3)C2)C1,0.0
9.0111265,6.638041,O=C(c1cc(C(F)(F)F)cc(C(F)(F)F)c1)N1CCC2(CC1)CN(c1ccccn1)C2,0.0
-0.9644842,5.9394965,CCOC(=O)C(NC(=O)NCc1cccc(C(F)(F)F)c1)(OCC)C(F)(F)F,
2.7210276,7.0268226,O=C(Nc1cc(C(F)(F)F)ccc1Cl)c1ccc(NC(=O)C(F)(F)F)cc1,
3.9041889,6.4641743,O=C(NNS(=O)(=O)c1ccc(C(F)(F)F)cc1)c1cnn(-c2ccccc2)c1C(F)(F)F,
2.8833394,7.1558642,CC(=O)OCc1c(C(F)(F)F)nn(C)c1Oc1cccc(C(F)(F)F)c1,
2.9243436,7.1874976,CCC(=O)OCc1c(C(F)(F)F)nn(C)c1Oc1cccc(C(F)(F)F)c1,
1.2148052,-2.8298166,CCOc1ccc(Cl)cc1-c1cc(C(=O)NCc2cc(C(F)(F)F)cc(C(F)(F)F)c2)[nH]n1,
-0.6166514,5.187229,Cc1cc(NS(=O)(=O)c2ccc(NC(NC(=O)C(C(F)(F)F)C(F)(F)F)(C(F)(F)F)C(F)(F)F)cc2)no1,
2.743759,3.9109764,CC(C)CNC(=O)c1cnn2c(C(F)(F)F)cc(C(F)(F)F)nc12,
0.005662946,8.815046,O=C(NCCN1CCCCC1)c1cc(OCC(F)(F)F)ccc1OCC(F)(F)F,
3.1021097,7.3427563,N#Cc1c(C(F)(F)F)cc(-c2cccs2)nc1SCC(=O)Nc1cccc(C(F)(F)F)c1,
-1.2215325,4.846981,CCSc1nnc(NC(=O)C(C)(C(F)(F)F)C(F)(F)F)s1,
1.4726139,4.6994567,CCOC(=O)c1c(C(F)(F)C(F)(F)C(F)(F)C(F)(F)F)n[nH]c1C,
0.026560524,8.673218,COc1ccc(NC(=O)NC(=O)c2cc(OCC(F)(F)F)ccc2OCC(F)(F)F)cc1,
0.04938369,8.680611,O=C(NC(=O)c1cc(OCC(F)(F)F)ccc1OCC(F)(F)F)Nc1ccccc1,
-1.4962072,5.5670576,CCOC(=O)NC(Nc1sc2c(c1C(=O)OC)CCN(C)C2)(C(F)(F)F)C(F)(F)F,
0.35000005,5.8501825,O=C(Nc1ccc(C(O)(C(F)(F)F)C(F)(F)F)cc1)c1ccc(Cl)c([N+](=O)[O-])c1,
-0.4262031,4.9356084,CC(NC(=O)NC(N)=O)(C(F)(F)F)C(F)(F)F,
0.052170895,8.90538,O=C(NCCNS(=O)(=O)c1cccc(C(F)(F)F)c1)c1cc(OCC(F)(F)F)ccc1OCC(F)(F)F,
3.4863362,5.501826,C=CCN(N(C)c1ncc(C(F)(F)F)cc1Cl)S(=O)(=O)c1cccc(C(F)(F)F)c1,
1.2165705,-2.8172758,COc1ccc(F)cc1-c1cc(C(=O)NCc2cc(C(F)(F)F)cc(C(F)(F)F)c2)[nH]n1,
1.768803,3.4543655,CC(=O)c1ccc(Nc2nc(NCCO)nc(OC(C(F)(F)F)C(F)(F)F)n2)cc1,
9.162013,7.809806,Cn1cccc1C(=O)N1CCC2(CC1)CN(Cc1cc(C(F)(F)F)cc(C(F)(F)F)c1)C2,1.0
1.1625109,4.8922534,O=C(O)C(F)(F)C(F)(F)C(F)(F)C(F)(F)C(=O)O,0.0
1.2272781,-2.8112438,Cc1csc(-c2cc(C(=O)NCc3cc(C(F)(F)F)cc(C(F)(F)F)c3)n[nH]2)c1,
-1.3808496,5.651255,CCOC(=O)NC(Nc1cc(C)on1)(C(F)(F)F)C(F)(F)F,
2.827225,5.292639,O=C1C=C(c2cc(C(F)(F)F)cc(C(F)(F)F)c2)C[C@@H](c2ccc(Cl)cc2)C1,
8.669882,7.818092,CCN1C(=O)[C@H]2[C@@H](C1=O)[C@@H](c1ccc(C(F)(F)F)cc1)N[C@]21CCCN(Cc2ccc(C(F)(F)F)cc2)C1=O,
3.9933643,3.5103538,N#CC(c1cccc(Cl)c1)c1ccc2c(C(F)(F)F)cc(C(F)(F)F)nc2n1,
8.126785,2.966365,Oc1ccc(C[C@@H]2CNC(=S)N2CCc2cc(C(F)(F)F)cc(C(F)(F)F)c2)cc1,
0.55656266,5.7106752,O=S(=O)(c1ccccc1)N(CC(F)(F)F)c1ccc(C(O)(C(F)(F)F)C(F)(F)F)cc1,
3.3340428,3.1759663,Cn1c(=O)c(C(=O)COC(=O)c2cc(C(F)(F)F)nc3c(C(F)(F)F)cccc23)c(N)n(CC2CC2)c1=O,
3.3682628,7.386205,CC(O)(CS(=O)(=O)c1cccc(C(F)(F)F)c1)C(=O)Nc1cccc(C(F)(F)F)c1,
3.3152974,6.4097857,FC(F)(F)c1cccc(-c2nnc3ccc(C(F)(F)F)cn23)c1,
9.202373,7.267931,COc1ccccc1CN1CCC2(CC1)CCN(C(=O)c1cc(C(F)(F)F)cc(C(F)(F)F)c1)CC2,0.0
0.97589815,4.883128,O=C(NCCOCC(F)(F)C(F)F)c1cc(F)c(F)cc1Cl,
-0.4304538,4.959544,CC(NC(=O)Nc1cccnc1)(C(F)(F)F)C(F)(F)F,
1.2783917,4.6728516,CCn1c(C)nc2cc(C(=O)OC(C(F)(F)C(F)F)C(F)(F)C(F)F)ccc21,
3.9799113,7.166328,O=C(Nc1cc(C(F)(F)F)cc(C(F)(F)F)c1)c1cc(Cl)ccc1O,
2.7677696,7.9893317,O=C(Nc1cccc(C(F)(F)F)c1)c1cc2nc(-c3ccc4c(c3)OCO4)cc(C(F)(F)F)n2n1,
0.69405764,1.6580974,Cc1ccccc1C1=NC(C(F)(F)F)(C(F)(F)F)c2c(n(C)c(=O)n(C)c2=O)N1,
-1.4384679,5.5367355,COC(=O)c1c(NC(NC(=O)c2ccccc2)(C(F)(F)F)C(F)(F)F)sc2c1CCN(C)C2,
-0.8639058,4.6465154,CCC(NC(=O)Nc1nnc(C(F)(F)F)s1)(C(F)(F)F)C(F)(F)F,
3.9636898,6.388912,N/C(=N\OC(=O)c1cnn(-c2ccccc2)c1C(F)(F)F)c1ccc(C(F)(F)F)cc1,
1.6540854,4.997936,FC(F)(F)COCC(F)(F)F,
2.7244525,8.01701,COc1ccc(-c2cc(C(F)(F)F)n3nc(C(=O)Nc4ccc(Cl)cc4C(F)(F)F)cc3n2)cc1OC,
3.4159586,7.5718102,CCOC(=O)C1=NN(C(=O)Nc2cccc(C(F)(F)F)c2)C2C(=O)N(c3cccc(C(F)(F)F)c3)C(=O)C12,
0.11414992,8.780093,O=C(NNC(=O)c1cc(OCC(F)(F)F)ccc1OCC(F)(F)F)c1ccc(Cl)c(Cl)c1,
1.456223,4.709875,FC(F)(F)C(F)(F)C(F)(F)C(F)(F)C(F)(F)C(F)(F)F,
-0.88943917,5.524457,O=C(NC(Nc1nc2ccc([N+](=O)[O-])cc2s1)(C(F)(F)F)C(F)(F)F)c1ccccc1Cl,
3.2317972,7.1987233,C[C@@]12CC(=O)NC1N(C(=O)c1cccc(C(F)(F)F)c1)C(c1ccccc1OC(=O)c1cccc(C(F)(F)F)c1)C2,
-0.31844303,4.763054,O=C(NCCCn1ccnc1)NC(C(F)(F)F)C(F)(F)F,
0.9203924,4.690002,O=C(NCCS(=O)CCNC(=O)C(F)(F)F)C(F)(F)F,
1.4775387,4.9831944,O=C(O)COc1c(F)c(F)c(C(F)(F)F)c(F)c1F,
1.2119061,-2.8170166,COc1cc(F)ccc1-c1cc(C(=O)NCc2cc(C(F)(F)F)cc(C(F)(F)F)c2)[nH]n1,
8.125925,11.786188,O=C(NCc1cccc(C(F)(F)F)c1)C1CC(c2ccc(C(F)(F)F)cc2)=NO1,
1.2988731,4.8628073,CC[C@H](C(=O)c1cccs1)C(O)(C(F)(F)F)C(F)(F)F,
0.7194526,-2.7743459,CCOc1c2ccc(C(=O)NCc3cc(C(F)(F)F)cc(C(F)(F)F)c3)cc2nn1CCOC,
0.70159876,-2.759621,CCn1nc2cc(C(=O)NCc3cc(C(F)(F)F)cc(C(F)(F)F)c3)ccc2c1OC,
1.5522723,4.818076,Fc1c(F)c(C(F)(F)F)c(F)c(F)c1N/N=C\c1cccs1,
9.218962,7.4190655,O=C(c1cc(C(F)(F)F)cc(C(F)(F)F)c1)N1CCC2(CCN(Cc3ccccc3)CC2)CC1,0.0
9.239101,7.332156,O=C(c1cc(C(F)(F)F)cc(C(F)(F)F)c1)N1CCC2(CCCN(Cc3ccccc3)C2)CC1,0.0
1.5504055,5.7055936,O=C(Nc1cccc(F)c1)c1c(F)c(F)c(F)c(F)c1F,
1.7866235,3.5083504,CNc1nc(Nc2ccc(C(C)=O)cc2)nc(OC(C(F)(F)F)C(F)(F)F)n1,
8.249524,3.168814,Oc1ccc(C[C@H]2CNCCN2CCc2cc(C(F)(F)F)cc(C(F)(F)F)c2)cc1,
8.256043,3.1818962,CCCC[C@@H]1CNCCN1CCc1cc(C(F)(F)F)cc(C(F)(F)F)c1,
8.25313,3.186622,FC(F)(F)c1cc(CCN2CCNC[C@H]2Cc2cccc3ccccc23)cc(C(F)(F)F)c1,
3.2947025,7.074489,O=C(NNc1ccccc1Br)C(O)(c1cccc(C(F)(F)F)c1)c1cccc(C(F)(F)F)c1,
3.3236964,6.1604795,CSc1nc(Oc2cccc(C(F)(F)F)c2)cc(C(F)(F)F)n1,
0.5974353,5.6614075,CCOC(=O)c1cc(C(O)(C(F)(F)F)C(F)(F)F)c(/N=C/N(C)C)o1,
0.059561703,8.763616,Cc1ccc(C(=O)NNC(=O)c2cc(OCC(F)(F)F)ccc2OCC(F)(F)F)cc1,
1.8374623,5.324917,OC(CNCc1ccccc1C(F)(F)F)C(F)(F)F,
-0.02864793,8.664087,CONC(=O)c1cc(OCC(F)(F)F)ccc1OCC(F)(F)F,
3.107635,7.227288,Cn1nc(C(F)(F)F)cc1-c1ccc(/C=C(\C#N)C(=O)c2cccc(C(F)(F)F)c2)s1,
4.6434717,6.2180214,O=C(c1ccncc1)N1CCN(S(=O)(=O)c2cc(C(F)(F)F)cc(C(F)(F)F)c2)CC1,
3.6080196,7.224041,CCOC(=O)c1cc(C#N)c(N2CCN(C(=O)c3cccc(C(F)(F)F)c3)CC2)nc1C(F)(F)F,
2.7453766,6.581005,Cc1c(C(=O)NCc2ccccc2C(F)(F)F)sc(=O)n1Cc1cccc(C(F)(F)F)c1,
0.016693061,8.820344,CCNC(=O)NCCNC(=O)c1cc(OCC(F)(F)F)ccc1OCC(F)(F)F,
3.1091125,7.2942724,O=C(Nc1cccc(C(F)(F)F)c1)c1cccc(C(=O)Nc2cccc(C(F)(F)F)c2)c1,
4.623749,6.2074385,CC1CC1C(=O)N1CCN(S(=O)(=O)c2cc(C(F)(F)F)cc(C(F)(F)F)c2)CC1,
3.4924853,3.7091107,Nc1nc(C(F)(F)F)cc(=O)n1/N=C/c1ccccc1C(F)(F)F,
0.56721544,1.5566281,O=c1[nH]c(=O)n(-c2ccccc2)c2c1C(C(F)(F)F)(C(F)(F)F)N=C(CCC1CCCCC1)N2,
0.5606188,1.5785813,Cc1ccc(-n2c3c(c(=O)[nH]c2=O)C(C(F)(F)F)(C(F)(F)F)N=C(C2CCCCC2)N3)cc1,
9.301827,6.8616047,CC(C)CN1CC[C@@]2(CCCN(C(=O)c3cc(C(F)(F)F)cc(C(F)(F)F)c3)C2)C1,0.0
8.107934,2.9815629,CCC(C)[C@H]1CN=C(N)N1CCc1cc(C(F)(F)F)cc(C(F)(F)F)c1,
2.5285683,4.2412286,Cc1cc(C(F)(F)F)n2nc(-c3cnn(C)c3C(F)(F)F)cc2n1,
2.195516,4.663063,O=[N+]([O-])c1cc(C(F)(F)F)cc([N+](=O)[O-])c1Sc1n[nH]c(C(F)(F)F)n1,
3.4937158,3.7351623,O=c1c2c(C(F)(F)F)cc(C(F)(F)F)nc2[nH]n1-c1ccccc1,
0.8846838,5.406662,Cc1ccc(N)c(C(O)(C(F)(F)F)C(F)(F)F)c1,
3.4030874,5.357298,O=[N+]([O-])c1cc(C(F)(F)F)c(Cl)c([N+](=O)[O-])c1Nc1ncc(C(F)(F)F)cc1Cl,
-0.32372883,4.851903,O=C(NCc1cccnc1)NC(C(F)(F)F)C(F)(F)F,
-0.7145691,4.720254,CCC(NC(=O)NNC(=O)c1ccncc1)(C(F)(F)F)C(F)(F)F,
-0.7907121,4.66926,CCC(NC(=O)Nc1cc(C)on1)(C(F)(F)F)C(F)(F)F,
0.8845395,6.2569914,Cc1ccc(Cl)cc1NC(=O)CC(O)(C(F)(F)F)C(F)(F)F,
4.0664244,5.470671,O=C(c1[nH]c(C(F)(F)F)nc1-c1ccccc1)N1CCN(c2cccc(C(F)(F)F)n2)CC1,
4.073601,5.471764,O=C(c1[nH]c(C(F)(F)F)nc1-c1ccccc1)N1CCN(c2ccc(C(F)(F)F)cn2)CC1,
4.035724,5.4601994,O=C(c1[nH]c(C(F)(F)F)nc1-c1ccccc1)N1CCN(c2ncc(C(F)(F)F)cc2Cl)CC1,
4.0630617,5.468531,O=C(c1[nH]c(C(F)(F)F)nc1-c1ccccc1)N1CCN(c2ncccc2C(F)(F)F)CC1,
3.3250265,6.414516,Nc1nc(N)c(-c2cccc(C(F)(F)F)c2)c(Cc2cccc(C(F)(F)F)c2)n1,
1.4523499,5.5555367,O=C(CNCC(=O)Nc1ccc(F)c(F)c1F)Nc1ccc(F)c(F)c1F,
-0.7263632,4.6878166,CCC(NC(=O)Nc1ccc(O)cc1)(C(F)(F)F)C(F)(F)F,
2.3784819,7.0930696,Cn1cc(NC(=O)Nc2ccc(C(F)(F)F)cc2)c(C(F)(F)F)n1,
-1.1814092,5.368665,CS(=O)(=O)c1ccc2nc(NC(NC(=O)c3ccco3)(C(F)(F)F)C(F)(F)F)sc2c1,
-1.2512299,5.946171,CCOC(=O)C(NC(=O)CCl)(Nc1ccc(C(O)(C(=O)OCC)C(F)(F)F)cc1)C(F)(F)F,
2.960491,6.6439266,CN(Cc1cn(Cc2cccc(C(F)(F)F)c2)nn1)C1CN(Cc2cn(Cc3cccc(C(F)(F)F)c3)nn2)S(=O)(=O)C1,
8.27663,3.1981165,CC(O)[C@H]1CNCCN1CCc1cc(C(F)(F)F)cc(C(F)(F)F)c1,
2.8294044,6.1631174,N/C(=N\C(=O)c1ccc(OC(F)(F)F)cc1)c1ccc(C(F)(F)F)cn1,
3.4811535,6.49289,N/C(=N\C(=O)c1cccc(C(F)(F)F)c1)c1ccc(C(F)(F)F)cn1,
3.3844352,7.4086976,CC(O)(CS(=O)(=O)Cc1cccc(C(F)(F)F)c1)C(=O)Nc1cccc(C(F)(F)F)c1,
1.285753,5.324828,O=C(NCCCCNC(=O)c1c(F)c(F)c(F)c(F)c1F)c1c(F)c(F)c(F)c(F)c1F,
4.3037953,7.3367143,O=c1cc(CNc2cc(C(F)(F)F)cc(C(F)(F)F)c2)nc2sccn12,
0.5552893,1.7881639,Cc1ccc(-n2c3c(c(=O)[nH]c2=S)C(C(F)(F)F)(C(F)(F)F)NC(=O)N3)cc1,
3.2712622,6.3407,OC(c1ccccc1)(c1nc(-c2cccc(C(F)(F)F)c2)cs1)C(F)(F)F,
-0.4399245,4.9830675,CC(NC(=O)Nc1ccccc1O)(C(F)(F)F)C(F)(F)F,
3.503397,7.2560134,O=C(c1c(F)c(F)c(F)c(F)c1F)N1CCN(c2cccc(C(F)(F)F)c2)CC1,
8.701628,7.843763,CN1C(=O)[C@H]2[C@@H](C1=O)[C@@H](c1ccc(C(F)(F)F)cc1)N[C@]21CCCN(Cc2ccc(C(F)(F)F)cc2)C1=O,
4.073417,6.434347,N/C(=N\OC(=O)c1cnn(-c2ccccc2)c1C(F)(F)F)c1cc(C(F)(F)F)cc(C(F)(F)F)c1,
3.2379186,6.780469,O=C(NCCNc1nccc(C(F)(F)F)n1)c1cccc(C(F)(F)F)c1,
8.239568,3.1833544,FC(F)(F)c1cc(CCN2CCNC[C@@H]2Cc2ccccc2)cc(C(F)(F)F)c1,
2.7619476,3.9662569,CSc1nn2c(C(F)(F)F)cc(C(F)(F)F)nc2c1C(N)=O,
9.163517,7.1004624,O=C(c1cc(C(F)(F)F)cc(C(F)(F)F)c1)N1CCC[C@@]2(CCN(Cc3nccs3)C2)C1,0.0
1.2116193,-2.817891,O=C(NCc1cc(C(F)(F)F)cc(C(F)(F)F)c1)c1cc(-c2cc(F)ccc2OCC2CCCO2)n[nH]1,
1.222371,-2.8131087,CC(C)Oc1ccc(F)cc1-c1cc(C(=O)NCc2cc(C(F)(F)F)cc(C(F)(F)F)c2)[nH]n1,
1.5401533,4.5703936,FC(F)(F)C1=NC(C(F)(F)F)=NP(N2CCOCC2)(N2CCOCC2)=N1,
3.3161323,7.4052324,O=C(CN1C=NS(=O)(=O)c2ccc(C(F)(F)F)cc21)Nc1cccc(C(F)(F)F)c1,
8.121902,3.0029273,CCC(C)[C@H]1CNC(=S)N1CCc1cc(C(F)(F)F)cc(C(F)(F)F)c1,
9.286324,7.81066,Cc1noc(C)c1C(=O)N1CCC2(CCN(Cc3cc(C(F)(F)F)cc(C(F)(F)F)c3)CC2)CC1,0.0
1.2077518,6.002071,CN(C(=O)C1=CC2=NC(c3ccco3)CC(C(F)(F)F)N2N1)c1ccc(OC(F)(F)F)cc1,
2.4935653,7.3816824,Cc1ccc(NC(=O)c2c(C(F)(F)F)nn(C)c2SCc2cccc(C(F)(F)F)c2)cc1C,
9.077286,8.027947,CS(=O)(=O)N1CCC2(CC1)CN(Cc1cc(C(F)(F)F)cc(C(F)(F)F)c1)C2,0.0
3.2889652,7.0976005,Cc1ccc(NNC(=O)C(O)(c2cccc(C(F)(F)F)c2)c2cccc(C(F)(F)F)c2)cc1,
3.9206903,3.579504,COc1ccc(Oc2ccc3c(C(F)(F)F)cc(C(F)(F)F)nc3n2)cc1,
3.9201586,3.6112323,FC(F)(F)c1ccc(Oc2ccc3c(C(F)(F)F)cc(C(F)(F)F)nc3n2)cc1,
-0.9846168,5.7886834,CCOC(=O)c1cnn(-c2ccccc2)c1NC(=O)C(F)(F)C(F)(F)C(F)(F)F,
9.492381,6.5051575,COc1ccc(NC(=O)N2CCCC3(CCN(C(=O)c4cc(C(F)(F)F)cc(C(F)(F)F)c4)CC3)C2)cc1,0.0
2.0038526,4.765844,FC(F)(F)c1nc2ccc(SSc3ccc4nc(C(F)(F)F)[nH]c4c3)cc2[nH]1,
-0.13951367,3.15762,O=C(c1ccncc1)N1C2C=CC(C2)C1(C(F)(F)F)C(F)(F)F,
0.5270381,4.0902233,CCn1ncc(/C=N/NC(=O)C(F)(F)C(F)(F)C(F)(F)C(F)(F)C(F)(F)C(F)(F)F)c1C,
9.283546,7.3579683,N#Cc1ccc(CN2CC3(CCN(C(=O)c4cc(C(F)(F)F)cc(C(F)(F)F)c4)CC3)C2)cc1,0.0
3.7215145,6.764372,Cc1onc(-c2c(Cl)cccc2Cl)c1C(=O)ONC(=O)c1cc(C(F)(F)F)cc(C(F)(F)F)c1,
1.5316559,4.2618384,Cc1cc(C)nc(Sc2ccc3nnc(C(F)(F)C(F)(F)C(F)(F)F)n3n2)n1,
8.124288,6.821308,O=C(c1ccc(C(F)(F)F)cc1)N1CCC(=O)N(C(COCc2ccc(C(F)(F)F)cc2)Cc2ccccc2)CC1,
-1.3944033,5.745105,CCOC(=O)NC(Nc1ccc(C)cn1)(C(F)(F)F)C(F)(F)F,
1.0964912,4.7269964,OC(CNCCCCNCC(O)C(F)(F)F)C(F)(F)F,
3.973228,6.2664824,N#CCCCSc1nnnn1-c1cc(C(F)(F)F)cc(C(F)(F)F)c1,
9.339798,7.814688,O=C(c1csnn1)N1CCC2(CCN(Cc3cc(C(F)(F)F)cc(C(F)(F)F)c3)CC2)CC1,0.0
4.2072086,6.436795,N/C(=N\S(=O)(=O)c1cc(C(F)(F)F)cc(C(F)(F)F)c1)c1ccc(Cl)cc1,
3.9139414,7.4833455,FC(F)(F)c1cc(NC(=S)N2c3ccccc3-n3cccc3[C@H]2c2cccnc2)cc(C(F)(F)F)c1,0.0
3.3472698,3.0933232,CC(C)(C)NCC[C@@H](O)c1cc(C(F)(F)F)nc2c(C(F)(F)F)cccc12,0.0
3.258369,5.222611,Cn1nc(Oc2ncc(C(F)(F)F)cc2Cl)cc1C(F)(F)F,
9.108366,8.013499,CS(=O)(=O)N1CCC2(CCCN(Cc3cc(C(F)(F)F)cc(C(F)(F)F)c3)C2)CC1,
9.209571,7.2703867,COc1ccccc1CN1CC[C@@]2(CCCN(C(=O)c3cc(C(F)(F)F)cc(C(F)(F)F)c3)C2)C1,0.0
1.3478312,4.895809,O=C(OCC(F)(F)F)[C@H](O)[C@@H](O)C(=O)OCC(F)(F)F,
4.0071974,7.4749565,FC(F)(F)c1cc(NC(=S)NC23CC4CC(CC(C4)C2)C3)cc(C(F)(F)F)c1,
3.939709,7.4685097,FC(F)(F)c1cc(NC(=S)NC(c2ccccc2)c2ccccc2)cc(C(F)(F)F)c1,
2.0598881,7.2853203,C[C@H]1CN([C@@H](C)CO)C(=O)Cc2cc(NC(=O)CCC(F)(F)F)ccc2O[C@H]1CN(C)Cc1ccc(C(F)(F)F)cc1,
2.872814,5.3024206,COc1ccc([C@H]2CC(=O)C=C(c3cc(C(F)(F)F)cc(C(F)(F)F)c3)C2)cc1,
0.08406173,8.792457,O=C(NCCNC(=O)c1cc(OCC(F)(F)F)ccc1OCC(F)(F)F)Nc1cccc(C(F)(F)F)c1,
3.317417,3.1740754,O=C(O)c1cc(C(F)(F)F)nc2c(C(F)(F)F)cccc12,
9.254646,7.376823,O=C(c1cc(C(F)(F)F)cc(C(F)(F)F)c1)N1CCC2(CC1)CN(Cc1ccccc1)C2,0.0
3.822534,6.7086477,O=C(Nc1nnc2n1CCS2)c1cc(C(F)(F)F)cc(C(F)(F)F)c1,
1.9321033,3.853173,FC(F)(F)COc1nc(OCC(F)(F)F)nc(N2CCN(c3ccccc3)CC2)n1,
8.0950365,11.829622,O=C(NCc1ccc(OC(F)(F)F)cc1)C1CC(c2ccc(C(F)(F)F)cc2)=NO1,
8.144154,11.769835,O=C(NCc1ccc(C(F)(F)F)cc1)C1CC(c2ccc(C(F)(F)F)cc2)=NO1,
-0.31710163,5.1764245,Cc1noc(NS(=O)(=O)c2ccc(NC(=O)C(F)(F)C(F)(F)C(F)(F)F)cc2)c1C,
2.5902283,6.5481744,COC(=O)c1cnc(NNC(=O)c2ccc(C(F)(F)F)cc2)nc1C(F)(F)F,
0.56653255,5.6891856,CCOC(=O)N(C)c1ccc(C(O)(C(F)(F)F)C(F)(F)F)cc1,
2.9477823,7.5047274,COc1cc(/C=C(/C#N)C(=O)Nc2cc(C(F)(F)F)ccc2Cl)ccc1OCC(=O)Nc1cccc(C(F)(F)F)c1,
2.9715333,7.512984,COc1cc(/C=C(\C#N)C(=O)Nc2cc(C(F)(F)F)ccc2Cl)ccc1OCC(=O)Nc1cccc(C(F)(F)F)c1,
2.0548294,7.2605915,C[C@H]1CN([C@H](C)CO)C(=O)c2cccc(NC(=O)CCC(F)(F)F)c2O[C@@H]1CN(C)C(=O)Nc1ccc(C(F)(F)F)cc1,
9.24814,7.4038,O=C(c1cc(C(F)(F)F)cc(C(F)(F)F)c1)N1CCC2(CCN(Cc3ccncc3)CC2)CC1,1.0
1.2611972,4.2226796,O=C1CC(C(F)(F)C(F)(F)C(F)(F)C(F)(F)F)=Nc2ccccc2N1,
1.2364184,6.472714,O=C(Nc1ccc(OC(F)(F)C(F)F)c(NC(=O)c2cccc(F)c2)c1)c1cccc(F)c1,
3.8436286,6.642559,O=C(Nc1ccccc1-c1ccccc1)c1cc(C(F)(F)F)cc(C(F)(F)F)c1,
-0.87541264,5.454231,O=C(NC(Nc1nc2ccc([N+](=O)[O-])cc2s1)(C(F)(F)F)C(F)(F)F)c1cccnc1,
8.098692,11.816182,COc1ccc(CCNC(=O)C2CC(c3cc(C(F)(F)F)cc(C(F)(F)F)c3)=NO2)cc1,
8.136825,11.777847,Cc1ccc(CNC(=O)C2CC(c3cc(C(F)(F)F)cc(C(F)(F)F)c3)=NO2)o1,
1.4066921,4.3704376,O=c1nc(C(F)(F)C(F)(F)C(F)(F)F)[nH]o1,
9.1933155,7.5593,O=C(c1ccncc1)N1CCC[C@@]2(CCN(Cc3cc(C(F)(F)F)cc(C(F)(F)F)c3)C2)C1,0.0
-0.39978647,4.509368,CCC(C(=O)Nc1nccs1)(C(F)(F)F)C(F)(F)F,
2.732048,7.9922957,O=C(Nc1cc(C(F)(F)F)ccc1Cl)c1cc2nc3c(c(C(F)(F)F)n2n1)CCCC3,
9.039052,6.6712,O=C(c1cc(C(F)(F)F)cc(C(F)(F)F)c1)N1CCC2(CCCN(c3ccncc3)C2)CC1,
1.4506427,4.622844,CN(C)P1(N(C)C)=NC(C(F)(F)F)=NC(C(F)(F)F)=N1,
1.3094188,6.2730703,COC(=O)C(O)(CC(=O)Nc1ccc(OC(F)(F)F)cc1)C(F)(F)F,
2.7375019,8.010153,O=C(Nc1cc(C(F)(F)F)ccc1Cl)c1cc2nc(-c3ccc4c(c3)OCO4)cc(C(F)(F)F)n2n1,
0.6058378,1.5509481,Cn1c2c(c(=O)n(C)c1=O)C(C(F)(F)F)(C(F)(F)F)N=C(CCC1CCCCC1)N2,
1.4551873,5.117689,O=[S+]([O-])(c1c(F)cccc1F)N1CCN([S+](=O)([O-])c2c(F)c(F)c(F)c(F)c2F)CC1,
1.8902951,5.779354,O=C(CSc1nc(=O)c2c(C(F)(F)F)cc(-c3cccs3)nc2[nH]1)Nc1c(F)c(F)c(F)c(F)c1F,
7.7068896,3.9483736,COC(=O)c1ccc(C23CC4(C2)[C@@H](c2ccccc2)N(Cc2ccc(C(F)(F)F)cc2)C[C@@H]4C3c2ccc(C(F)(F)F)cc2)cc1,
1.6857457,4.7113147,COCCn1c(-c2ccc(OC(F)(F)C(F)C(F)(F)F)cc2)nc2c1c(=O)[nH]c(=O)n2CC(C)C,
3.9241498,6.7121,Cc1nnsc1C(=O)NNS(=O)(=O)c1cc(C(F)(F)F)cc(C(F)(F)F)c1,
4.3534136,7.339816,O=C(Cc1ccc([N+](=O)[O-])cc1)Nc1cc(C(F)(F)F)cc(C(F)(F)F)c1,
9.411,6.617204,CC(C)NC(=O)N1CC[C@@]2(CCCN(C(=O)c3cc(C(F)(F)F)cc(C(F)(F)F)c3)C2)C1,0.0
0.02303354,8.822531,O=C(CCl)NCCNC(=O)c1cc(OCC(F)(F)F)ccc1OCC(F)(F)F,
-1.1434344,5.8698964,CCOC(=O)NC(NCc1cccc(C(F)(F)F)c1)(C(F)(F)F)C(F)(F)F,
4.3179307,7.3206205,O=C(CCS(=O)(=O)c1ccc(Br)s1)Nc1cc(C(F)(F)F)cc(C(F)(F)F)c1,
0.97791255,4.6978755,O=C(NCCCNC(=O)C(F)(F)C(F)F)C(F)(F)C(F)F,
4.0198126,7.171705,O=C(Cn1nnc(-c2cc(C(F)(F)F)cc(C(F)(F)F)c2)n1)NNC(=S)Nc1ccc(Cl)cc1,
0.09838067,5.00132,COc1ccc(CCNC(=O)NC(C(F)(F)F)C(F)(F)F)cc1OC,
2.8001919,6.9327025,O=C(CNC(=O)c1ccc(Cl)c(C(F)(F)F)c1)OC(C(=O)Nc1cc(C(F)(F)F)ccc1Cl)c1ccccc1,
4.3147507,7.3436823,CC(CC(=O)O)CC(=O)Nc1cc(C(F)(F)F)cc(C(F)(F)F)c1,
3.3196738,6.3320203,FC(F)(F)c1cccc(Oc2nc(-c3ccccc3)nnc2C(F)(F)F)c1,
2.5559106,4.4425793,NC(Cc1ccc(C(F)(F)F)cc1)c1csc(Nc2nccc(C(F)(F)F)n2)n1,
3.851663,3.5964108,CN(N)c1ccc2c(C(F)(F)F)cc(C(F)(F)F)nc2n1,
9.215363,7.357426,O=C(c1cc(C(F)(F)F)cc(C(F)(F)F)c1)N1CCC[C@@]2(CCN(Cc3ccccc3)C2)C1,0.0
9.283252,7.3819604,N#Cc1ccc(CN2CC[C@@]3(CCCN(C(=O)c4cc(C(F)(F)F)cc(C(F)(F)F)c4)C3)C2)cc1,0.0
3.39006,7.3862586,Fc1cc(F)c(C2SCCN2C(=S)Nc2cccc(C(F)(F)F)c2)c(F)c1,
3.8264194,6.6733356,O=C(COC(=O)c1cc(C(F)(F)F)cc(C(F)(F)F)c1)NCc1ccc(Cl)cc1,
0.5524278,1.70929,Cc1ccc(-n2c3c(c(=O)[nH]c2=O)C(C(F)(F)F)(C(F)(F)F)NC(=O)N3)cc1,
4.3022985,7.3809342,CC1(C)NC(=O)N(CC(=O)Nc2cc(C(F)(F)F)cc(C(F)(F)F)c2)C1=O,
-1.2244549,5.9813795,CCOC(=O)C(NC(=O)c1ccccc1Cl)(Nc1ccc(C(F)(F)F)cc1)C(F)(F)F,
2.1981683,6.762915,COC(=O)c1cc(NC(=O)c2cc(-c3ccc(C(F)(F)F)cc3)oc2C(F)(F)F)ccc1N1CCOCC1,
2.8565779,3.643587,O=C(O)c1ccccc1C(=O)Nc1ccc(-n2nc(C(F)(F)F)cc2C(F)(F)F)cc1,
1.4998498,4.8022604,FC1(F)C(F)(F)C(F)(F)C2(F)C(F)(F)C(F)(F)C(F)(F)C(F)(F)C2(F)C1(F)F,
0.4851585,4.789526,CCN1C(=O)[C@H]2[C@@H](C1=O)[C@@H](c1ccc(Cl)cc1)N(C(=O)CNCc1ccccc1)[C@@]2(Cc1ccccc1)C(=O)OCCCC(F)(F)C(F)(F)C(F)(F)C(F)(F)C(F)(F)C(F)(F)C(F)(F)C(F)(F)F,
1.8948866,4.565796,Cc1cc(C)nc(Sc2c(F)c(F)c(C(F)(F)F)c(F)c2F)n1,
0.8836646,5.5305247,Cc1nn(-c2ccccc2)c(N)c1C(O)(CC(=O)C(F)(F)F)C(F)(F)F,
-0.4060182,5.078827,Cc1cc(NS(=O)(=O)c2ccc(NC(=O)NC(C)(C(F)(F)F)C(F)(F)F)cc2)no1,
9.312085,7.845766,O=C(c1csnn1)N1CCC[C@@]2(CCN(Cc3cc(C(F)(F)F)cc(C(F)(F)F)c3)C2)C1,0.0
9.115973,7.7211223,Cn1cccc1C(=O)N1CCC[C@@]2(CCN(Cc3cc(C(F)(F)F)cc(C(F)(F)F)c3)C2)C1,
-0.2191227,8.842379,O=C(N/N=C\c1ccc(F)cc1)c1cc(OCC(F)(F)F)ccc1OCC(F)(F)F,
3.0310738,5.8591146,CON/C=C(\C=N\c1ccc(C(F)(F)F)cc1)c1ncc(C(F)(F)F)cc1Cl,
1.2600213,6.80421,O=C(Nc1ccc(OCC(F)(F)C(F)F)c(C(F)(F)F)c1)c1ccccc1,
0.8971309,5.399237,Nc1c(C(O)(C(F)(F)F)C(F)(F)F)ccc2ccccc12,
0.67909485,5.5057178,CCOC(=O)c1c(N)sc(C(O)(C(F)(F)F)C(F)(F)F)c1-c1ccc(Cl)cc1,
3.9667459,6.6118207,O=C(O)c1nnn(-c2cc(C(F)(F)F)cc(C(F)(F)F)c2)c1-c1ccccc1,
-1.4909467,5.5362315,CCC(=O)NC(Nc1sc2c(c1C(=O)OC)CCN(C)C2)(C(F)(F)F)C(F)(F)F,
3.1377454,7.474952,O=C(Nc1cccc(C(F)(F)F)c1)c1sc(Cl)nc1C(F)(F)F,
1.6289879,4.441039,FC(F)(F)C(F)(F)C(F)(F)c1nc2ccccc2[nH]1,
4.231429,6.4525833,N/C(=N\NS(=O)(=O)c1cc(C(F)(F)F)cc(C(F)(F)F)c1)c1ccccn1,
-0.39403176,4.894905,CC(NC(=O)NCC1CCCO1)(C(F)(F)F)C(F)(F)F,
2.333944,5.1965985,O=c1cc(C(F)(F)F)[nH]c2ccc(OC(F)(F)F)cc12,
2.357045,5.185608,O=c1cc(C(F)(F)F)[nH]c2c(OC(F)(F)F)cccc12,
2.5576117,6.261912,CN(Cc1cn(Cc2ccc(C(F)(F)F)cc2)nn1)C1CN(Cc2cn(Cc3ccc(C(F)(F)F)cc3)nn2)S(=O)(=O)C1,
1.756363,4.648532,Cc1cc2c(s1)c1cnn(Cc3c(F)c(F)c(C(F)(F)F)c(F)c3F)c(=O)c1n2C,
2.4485357,7.5203967,Cn1nc(C(F)(F)F)c(-c2cccc(C(F)(F)F)c2)c1NC(=O)c1cccnc1,
0.5903864,2.286727,CC1(C)CC(=O)C2=C(C1)N(CC1CCCO1)C(=O)NC2(C(F)(F)F)C(F)(F)F,
3.7072563,6.675845,O=C(NNC(=O)c1cc(C(F)(F)F)cc(C(F)(F)F)c1)c1ccc(Cl)cc1,
1.2807534,-2.757354,CC1=CC(=O)C=C/C1=C1\C=C(C(=O)NCc2cc(C(F)(F)F)cc(C(F)(F)F)c2)NN1,
0.8994939,5.074875,O=C(O)/C=C/C(=O)Nc1ccccc1SC(F)(F)C(F)(F)C(F)(F)F,
8.142113,2.9301,O=C1NC[C@H](Cc2ccc(O)cc2)N(CCc2cc(C(F)(F)F)cc(C(F)(F)F)c2)C1=O,
4.243181,6.4286113,N/C(=N\S(=O)(=O)c1cc(C(F)(F)F)cc(C(F)(F)F)c1)c1ccncc1,
3.7381375,5.4703383,O=C(N/N=C/c1cccc(C(F)(F)F)c1)C1CCN(c2ncc(C(F)(F)F)cc2Cl)CC1,
1.2071878,-2.8075895,CCCOc1ccc(F)cc1-c1cc(C(=O)NCc2cc(C(F)(F)F)cc(C(F)(F)F)c2)[nH]n1,
3.4298859,5.3830333,O=S(=O)(NCCNc1ncc(C(F)(F)F)cc1Cl)C(F)(F)F,
3.7012432,6.731657,N/C(=N\OC(=O)c1cccc(Cn2cc(C(F)(F)F)ccc2=O)c1)c1cccc(C(F)(F)F)c1,
9.315047,7.783131,O=C(c1cnccn1)N1CCC2(CC1)CN(Cc1cc(C(F)(F)F)cc(C(F)(F)F)c1)C2,0.0
4.248931,6.440227,NC(=O)c1ccc(/C(N)=N/S(=O)(=O)c2cc(C(F)(F)F)cc(C(F)(F)F)c2)cc1,
1.0863197,4.7382913,O=C(N1CCOCC1)C(F)(F)C(F)(F)C(F)(F)C(F)(F)C(=O)N1CCOCC1,
9.126431,7.9793124,COCC(=O)N1CCC[C@@]2(CCN(Cc3cc(C(F)(F)F)cc(C(F)(F)F)c3)C2)C1,0.0
2.1729894,5.2436304,CC1(Cc2ccccc2OC(F)(F)F)C(=O)Nc2ccc(OC(F)(F)F)cc21,
9.132853,8.00114,FC(F)(F)c1cc(CN2CCC3(CCNCC3)CC2)cc(C(F)(F)F)c1,0.0
9.307885,6.941764,CC(C)CN1CCC2(CC1)CCN(C(=O)c1cc(C(F)(F)F)cc(C(F)(F)F)c1)CC2,
2.1747758,5.228797,CC1(Cc2ccc(OC(F)(F)F)cc2)C(=O)Nc2ccc(OC(F)(F)F)cc21,
1.9828479,4.3830256,FC(F)(F)COc1cc(-c2nnc(SCc3ccccc3)n2Cc2ccco2)cc(OCC(F)(F)F)n1,
0.86620355,5.4291368,Cc1nn(-c2ccccc2)c(N)c1C(O)(C(F)(F)F)C(F)(F)F,
0.6754219,1.6119881,Cn1c2c(c(=O)n(C)c1=O)C(C(F)(F)F)(C(F)(F)F)N=C(C1CCCCC1)N2,
1.5686287,4.5396147,CC12C=C(C=Cc3ccc(C(F)(F)F)cc3)C(C)(C1)C(c1ccc(C(F)(F)F)cc1)CC2=O,
9.523302,6.4663987,O=C(Nc1cccc(F)c1)N1CCC2(CC1)CCN(C(=O)c1cc(C(F)(F)F)cc(C(F)(F)F)c1)CC2,
9.082079,6.698836,O=C(c1cc(C(F)(F)F)cc(C(F)(F)F)c1)N1CCC2(CC1)CN(c1ccccc1)C2,0.0
2.5260334,5.3631177,O=c1cc(C(F)(F)F)[nH]c2ccc(C(F)(F)F)cc12,
3.995266,3.4949746,N#CC(c1ccc(Cl)cc1)c1ccc2c(C(F)(F)F)cc(C(F)(F)F)nc2n1,
1.2254043,4.771078,CC(=O)NC(C1C(=O)CC(C)(C)CC1=O)(C(F)(F)F)C(F)(F)F,
1.4417409,5.5888734,NC(=O)CC[C@H](NC(=O)c1ccc(F)cc1)C(=O)OCC(=O)Nc1c(F)c(F)c(F)c(F)c1F,
1.1004891,5.160561,N#CC1=C(N)N(c2ccccc2F)C2=C(CCCC2)C1(C(F)(F)F)C(F)(F)F,
-0.759208,4.6871567,CCC(NC(=O)NCc1ccc2c(c1)OCO2)(C(F)(F)F)C(F)(F)F,
9.13768,7.9369345,COC(=O)N1CCC[C@@]2(CCN(Cc3cc(C(F)(F)F)cc(C(F)(F)F)c3)C2)C1,0.0
3.179084,4.430483,COc1cccc(N/C(N)=N/c2nc(C(F)(F)F)cc(C(F)(F)F)n2)c1,
4.226942,7.3381276,CCOC(=O)C(c1ccccc1)C(Nc1cc(C(F)(F)F)cc(C(F)(F)F)c1)c1ccccn1,
3.273202,7.4827323,CC(CC(=O)Nc1ccc2c(c1)c(=O)n(C)n2Cc1cccc(C(F)(F)F)c1)C(F)(F)F,
1.284165,4.6394854,O=P(O)(O)C(O)C(F)(F)C(F)(F)C(F)(F)C(F)F,
-0.42299074,4.752346,CC(NC(=O)Nc1nccs1)(C(F)(F)F)C(F)(F)F,
3.9435406,3.5282772,FC(F)(F)c1cc(C(F)(F)F)c2ccc(N/N=C/c3ccccc3)nc2n1,
3.615977,6.237003,CS(=O)c1ccccc1-c1nc(-c2cc(C(F)(F)F)cc(C(F)(F)F)c2)no1,
3.6357088,6.249877,CS(=O)(=O)c1ccccc1-c1nc(-c2cc(C(F)(F)F)cc(C(F)(F)F)c2)no1,
4.0351214,7.122238,CN(C)CCNC(=O)c1cccn(Cc2cc(C(F)(F)F)cc(C(F)(F)F)c2)c1=O,
1.2353233,4.1796227,Cc1cc2c(cc1C)NC(=O)CC(C(F)(F)C(F)(F)C(F)(F)F)=N2,
0.17243691,5.7194333,O=C(OC(c1ccc(NS(=O)(=O)c2ccccc2)cc1)(C(F)(F)F)C(F)(F)F)c1ccccc1,
7.9512515,3.2169538,NC[C@H](Cc1ccccc1)NCCc1cc(C(F)(F)F)cc(C(F)(F)F)c1,
2.697107,5.1048384,N#Cc1cnc(=S)n(-c2cc(C(F)(F)F)cc(C(F)(F)F)c2)c1N,
0.5502419,1.6072202,Cc1ccccc1C1=NC(C(F)(F)F)(C(F)(F)F)c2c(n(-c3ccc(F)cc3)c(=O)[nH]c2=O)N1,
-0.67172533,4.659324,CCC(NC(=O)NCCCn1ccnc1)(C(F)(F)F)C(F)(F)F,
0.88361204,6.224184,Cc1ccccc1NC(=O)CC(O)(C(F)(F)F)C(F)(F)F,
0.10364643,8.797054,O=C(NCCNC(=O)c1cc(OCC(F)(F)F)ccc1OCC(F)(F)F)Nc1ccc(Cl)cc1,
2.8199499,6.930502,O=C(NCc1cc(C(F)(F)F)ccc1Cl)c1cccc2c1C(=O)c1ccc(-c3ccc(OC(F)(F)F)cc3)cc1S2(=O)=O,
1.8975756,3.7489064,CCCNc1nc(OCC(F)(F)F)nc(OCC(F)(F)F)n1,
3.7680962,6.97419,O=C(Cn1nnc(-c2cccc(C(F)(F)F)c2)n1)NNS(=O)(=O)c1cccc(C(F)(F)F)c1,
9.016265,6.7326245,O=C(c1cc(C(F)(F)F)cc(C(F)(F)F)c1)N1CCC2(CC1)CN(c1ccncc1)C2,1.0
